code,name,district,bac,tier,fy,ob,receipts,total_receipts,payments,cb,source
254706,Aho Yangtam,Pakyong,Namcheybong,Gram Panchayat Unit,2015-16,654381.0,21352054.0,22006435.0,21929650.0,76785.0,ACAR FS.xlsx [2019 to 2023]
254706,Aho Yangtam,Pakyong,Namcheybong,Gram Panchayat Unit,2016-17,3527300.6,8691659.38,12218959.94,2253880.0,9965079.94,ACAR FS.xlsx [2019 to 2023]
254706,Aho Yangtam,Pakyong,Namcheybong,Gram Panchayat Unit,2017-18,597075.0,19464886.0,20061961.0,17863681.0,2198280.0,ACAR FS.xlsx [2019 to 2023]
254706,Aho Yangtam,Pakyong,Namcheybong,Gram Panchayat Unit,2018-19,20412998.37,21029268.0,41442266.37,16853043.6,24589222.71,ACAR FS.xlsx [2019 to 2023]
254706,Aho Yangtam,Pakyong,Namcheybong,Gram Panchayat Unit,2019-20,10544879.0,20428634.0,30973513.0,18708371.0,12265142.0,ACAR FS.xlsx [2019 to 2023]
254706,Aho Yangtam,Pakyong,Namcheybong,Gram Panchayat Unit,2020-21,12265142.0,9749045.0,22014187.0,13390585.0,8623602.0,ACAR FS.xlsx [2019 to 2023]
254707,Amba,Pakyong,Pakyong,Gram Panchayat Unit,2015-16,2171412.2,15843086.0,18014498.2,15640310.0,2374188.2,ACAR FS.xlsx [2019 to 2023]
254707,Amba,Pakyong,Pakyong,Gram Panchayat Unit,2016-17,2351149.2,4568644.0,6919793.2,3809144.0,3110649.2,ACAR FS.xlsx [2019 to 2023]
254707,Amba,Pakyong,Pakyong,Gram Panchayat Unit,2017-18,3315113.2,15944071.0,19259184.2,12562704.0,6696480.2,ACAR FS.xlsx [2019 to 2023]
254707,Amba,Pakyong,Pakyong,Gram Panchayat Unit,2018-19,9337918.8,34160635.0,43498553.8,29803938.0,13694615.8,ACAR FS.xlsx [2019 to 2023]
254707,Amba,Pakyong,Pakyong,Gram Panchayat Unit,2019-20,5869428.0,10196693.0,16066121.0,9932611.0,6133510.0,ACAR FS.xlsx [2019 to 2023]
254707,Amba,Pakyong,Pakyong,Gram Panchayat Unit,2020-21,6133510.0,4996212.0,11129722.0,4021061.0,7108661.0,ACAR FS.xlsx [2019 to 2023]
254708,Aritar,Pakyong,Rhenock,Gram Panchayat Unit,2019-20,4744267.0,7420300.0,12164567.0,3595351.0,8569216.0,ACAR FS.xlsx [2019 to 2023]
254708,Aritar,Pakyong,Rhenock,Gram Panchayat Unit,2020-21,8569216.0,4084708.0,12653924.0,7720442.0,4933482.0,ACAR FS.xlsx [2019 to 2023]
254709,Arithang Chongrong,Gyalshing,Arithang Chongrong,Gram Panchayat Unit,2015-16,5016206.0,9373110.0,14389316.0,5023921.0,9365395.0,ACAR FS.xlsx [2019 to 2023]
254709,Arithang Chongrong,Gyalshing,Arithang Chongrong,Gram Panchayat Unit,2016-17,1867970.0,23314349.0,25182319.0,20186713.0,4995606.0,ACAR FS.xlsx [2019 to 2023]
254709,Arithang Chongrong,Gyalshing,Arithang Chongrong,Gram Panchayat Unit,2020-21,7515387.0,2968774.0,10484161.0,3787048.0,6697113.0,ACAR FS.xlsx [2019 to 2023]
254709,Arithang Chongrong,Gyalshing,Arithang Chongrong,Gram Panchayat Unit,2024-25,1564266.0,8861284.0,10425550.0,5409344.0,5016206.0,ACAR FS.xlsx [2019 to 2023]
254710,Assam Lingzey,Gangtok,Namcheybong,Gram Panchayat Unit,2015-16,785455.0,26870020.0,27655475.0,25734851.0,1920624.0,ACAR FS.xlsx [2019 to 2023]
254710,Assam Lingzey,Gangtok,Namcheybong,Gram Panchayat Unit,2016-17,1920624.0,25475278.0,27395902.0,25828089.0,1567813.0,ACAR FS.xlsx [2019 to 2023]
254710,Assam Lingzey,Gangtok,Namcheybong,Gram Panchayat Unit,2019-20,6041276.0,25285558.0,31326834.0,24933389.0,6393445.0,ACAR FS.xlsx [2019 to 2023]
254710,Assam Lingzey,Gangtok,Namcheybong,Gram Panchayat Unit,2020-21,6393445.0,3916254.0,10309699.0,5998892.0,4310807.0,ACAR FS.xlsx [2019 to 2023]
254710,Assam Lingzey,Gangtok,Namcheybong,Gram Panchayat Unit,2024-25,363318.0,24060170.0,24423488.0,23638033.0,785455.0,ACAR FS.xlsx [2019 to 2023]
254711,Assangthang,Namchi,Namchi,Gram Panchayat Unit,2019-20,150947.0,8947390.0,9098337.0,9063976.0,34361.0,ACAR FS.xlsx [2019 to 2023]
254711,Assangthang,Namchi,Namchi,Gram Panchayat Unit,2020-21,3992715.0,3605591.0,7598306.0,5377490.0,2220816.0,ACAR FS.xlsx [2019 to 2023]
254714,Barfung Zarung,Namchi,Ravong,Gram Panchayat Unit,2019-20,9963922.0,19594157.0,29558079.0,22137300.0,7420779.0,ACAR FS.xlsx [2019 to 2023]
254715,Barnayak Tokal,Namchi,Temi,Gram Panchayat Unit,2019-20,5573704.0,6818199.0,12391903.0,5464457.0,6927446.0,ACAR FS.xlsx [2019 to 2023]
254715,Barnayak Tokal,Namchi,Temi,Gram Panchayat Unit,2020-21,6927446.0,5332577.0,12260023.0,6208390.0,6051633.0,ACAR FS.xlsx [2019 to 2023]
254716,Ben Namprik,Namchi,Temi,Gram Panchayat Unit,2019-20,13927042.0,19188225.0,33115267.0,17123274.0,15991993.0,ACAR FS.xlsx [2019 to 2023]
254716,Ben Namprik,Namchi,Temi,Gram Panchayat Unit,2020-21,15991993.0,4016652.0,20008645.0,7358336.0,12650309.0,ACAR FS.xlsx [2019 to 2023]
254761,Bering Tareythang,Pakyong,Pakyong,Gram Panchayat Unit,2015-16,15271584.0,78865941.0,94137525.0,82243079.0,11894446.0,ACAR FS.xlsx [2019 to 2023]
254761,Bering Tareythang,Pakyong,Pakyong,Gram Panchayat Unit,2017-18,6034632.0,88021739.0,94056371.0,85574611.0,8481760.0,ACAR FS.xlsx [2019 to 2023]
254761,Bering Tareythang,Pakyong,Pakyong,Gram Panchayat Unit,2019-20,11911462.0,10636301.0,22547763.0,15053542.0,7494221.0,ACAR FS.xlsx [2019 to 2023]
254761,Bering Tareythang,Pakyong,Pakyong,Gram Panchayat Unit,2020-21,7494221.0,4199461.0,11693682.0,4559687.0,7133995.0,ACAR FS.xlsx [2019 to 2023]
254718,Bermiok Barthang,Gyalshing,Hee Martam,Gram Panchayat Unit,2015-16,13764564.0,9688153.0,23452717.0,15450350.0,8002367.0,ACAR FS.xlsx [2019 to 2023]
254718,Bermiok Barthang,Gyalshing,Hee Martam,Gram Panchayat Unit,2016-17,8002367.0,13934352.0,21936719.0,16173442.0,5763277.0,ACAR FS.xlsx [2019 to 2023]
254718,Bermiok Barthang,Gyalshing,Hee Martam,Gram Panchayat Unit,2019-20,9335055.0,11760697.0,21095752.0,15774748.0,5321004.0,ACAR FS.xlsx [2019 to 2023]
254718,Bermiok Barthang,Gyalshing,Hee Martam,Gram Panchayat Unit,2020-21,4906034.0,5060469.0,9966503.0,7247438.0,2719065.0,ACAR FS.xlsx [2019 to 2023]
254718,Bermiok Barthang,Gyalshing,Hee Martam,Gram Panchayat Unit,2024-25,9220740.0,21436795.0,30657535.0,16892971.0,13764564.0,ACAR FS.xlsx [2019 to 2023]
276343,Bhudang,Soreng,Soreng,Gram Panchayat Unit,2015-16,1130812.0,494519.0,1625331.0,899916.0,725415.0,ACAR FS.xlsx [2019 to 2023]
276343,Bhudang,Soreng,Soreng,Gram Panchayat Unit,2016-17,725415.0,1093451.0,1818866.0,1209824.0,609042.0,ACAR FS.xlsx [2019 to 2023]
276343,Bhudang,Soreng,Soreng,Gram Panchayat Unit,2017-18,0.0,721450.0,721450.0,0.0,721450.0,ACAR FS.xlsx [2019 to 2023]
276343,Bhudang,Soreng,Soreng,Gram Panchayat Unit,2018-19,1082175.0,8927004.0,10009179.0,6815121.0,3194058.0,ACAR FS.xlsx [2019 to 2023]
276343,Bhudang,Soreng,Soreng,Gram Panchayat Unit,2020-21,2017818.0,1836556.0,3854374.0,2294623.0,1559751.0,ACAR FS.xlsx [2019 to 2023]
276343,Bhudang,Soreng,Soreng,Gram Panchayat Unit,2024-25,540122.0,1567227.0,2107349.0,972730.0,1134619.0,ACAR FS.xlsx [2019 to 2023]
254780,Bhusuk Naitam,Gangtok,Nandok,Gram Panchayat Unit,2015-16,569846.0,19592038.0,20161884.0,18190481.0,1971403.0,ACAR FS.xlsx [2019 to 2023]
254780,Bhusuk Naitam,Gangtok,Nandok,Gram Panchayat Unit,2016-17,1972403.0,26069561.0,28041964.0,26046036.0,1995928.0,ACAR FS.xlsx [2019 to 2023]
254780,Bhusuk Naitam,Gangtok,Nandok,Gram Panchayat Unit,2019-20,2418423.0,11262355.0,13680778.0,13619531.0,61247.0,ACAR FS.xlsx [2019 to 2023]
254780,Bhusuk Naitam,Gangtok,Nandok,Gram Panchayat Unit,2020-21,6367146.0,3755182.0,10122328.0,5948060.0,4174268.0,ACAR FS.xlsx [2019 to 2023]
254780,Bhusuk Naitam,Gangtok,Nandok,Gram Panchayat Unit,2024-25,1305527.0,8994510.0,10300037.0,9730191.0,569846.0,ACAR FS.xlsx [2019 to 2023]
254712,Bongten Sapong,Gyalshing,Dentam,Gram Panchayat Unit,2015-16,3051714.0,13547569.0,16599283.0,13377927.0,3221356.0,ACAR FS.xlsx [2019 to 2023]
254712,Bongten Sapong,Gyalshing,Dentam,Gram Panchayat Unit,2016-17,3221356.0,13367801.0,16589157.0,14305499.0,2283658.0,ACAR FS.xlsx [2019 to 2023]
254712,Bongten Sapong,Gyalshing,Dentam,Gram Panchayat Unit,2019-20,3260682.0,13460820.0,16721502.0,11867737.0,4853765.0,ACAR FS.xlsx [2019 to 2023]
254712,Bongten Sapong,Gyalshing,Dentam,Gram Panchayat Unit,2020-21,4853765.0,4256070.0,9109835.0,6472699.0,2637136.0,ACAR FS.xlsx [2019 to 2023]
254712,Bongten Sapong,Gyalshing,Dentam,Gram Panchayat Unit,2024-25,2114134.0,13010646.0,15124780.0,12073066.0,3051714.0,ACAR FS.xlsx [2019 to 2023]
276342,Boomtar Salleybong,Namchi,Namchi,Gram Panchayat Unit,2019-20,4237903.0,30062773.0,34300676.0,30839614.0,3461062.0,ACAR FS.xlsx [2019 to 2023]
276342,Boomtar Salleybong,Namchi,Namchi,Gram Panchayat Unit,2020-21,3461062.0,3382092.0,6843154.0,4082783.0,2760371.0,ACAR FS.xlsx [2019 to 2023]
254719,Borong Phamthang,Namchi,Ravong,Gram Panchayat Unit,2019-20,4277376.0,20532349.0,24809725.0,18850427.0,5959298.0,ACAR FS.xlsx [2019 to 2023]
254719,Borong Phamthang,Namchi,Ravong,Gram Panchayat Unit,2020-21,5959298.0,4429810.0,10389108.0,6365390.0,4023718.0,ACAR FS.xlsx [2019 to 2023]
257843,Budang Kamerey,Pakyong,Duga,Gram Panchayat Unit,2019-20,8131899.0,17999911.0,26131810.0,20324047.0,5807763.0,ACAR FS.xlsx [2019 to 2023]
257843,Budang Kamerey,Pakyong,Duga,Gram Panchayat Unit,2020-21,6353856.0,6637795.0,12991651.0,6775768.0,6215883.0,ACAR FS.xlsx [2019 to 2023]
254720,Burikhop,Soreng,Daramdin,Gram Panchayat Unit,2015-16,305062.0,3152454.0,3457516.0,3376782.0,80734.0,ACAR FS.xlsx [2019 to 2023]
254720,Burikhop,Soreng,Daramdin,Gram Panchayat Unit,2019-20,1364022.0,3883191.0,5247213.0,3132137.0,2115076.0,ACAR FS.xlsx [2019 to 2023]
254720,Burikhop,Soreng,Daramdin,Gram Panchayat Unit,2020-21,2115076.0,3438252.0,5553328.0,4302091.0,1251237.0,ACAR FS.xlsx [2019 to 2023]
254717,Byeng Phegyong,Gangtok,Martam,Gram Panchayat Unit,2017-18,11569731.0,28955973.0,40525704.0,28042030.0,12483674.0,ACAR FS.xlsx [2019 to 2023]
254717,Byeng Phegyong,Gangtok,Martam,Gram Panchayat Unit,2018-19,15525919.0,36108783.0,51634702.0,33306040.0,18328662.0,ACAR FS.xlsx [2019 to 2023]
254717,Byeng Phegyong,Gangtok,Martam,Gram Panchayat Unit,2020-21,7366553.0,2341265.0,9707818.0,5005760.0,4702058.0,ACAR FS.xlsx [2019 to 2023]
254721,Central Pendam,Pakyong,Duga,Gram Panchayat Unit,2015-16,983366.0,2524367.0,3507733.0,1098932.0,2408801.0,ACAR FS.xlsx [2019 to 2023]
254721,Central Pendam,Pakyong,Duga,Gram Panchayat Unit,2016-17,2408801.0,652841.0,3061642.0,2908800.0,152842.0,ACAR FS.xlsx [2019 to 2023]
254721,Central Pendam,Pakyong,Duga,Gram Panchayat Unit,2019-20,14386825.0,26090810.0,40477635.0,28822361.0,11655274.0,ACAR FS.xlsx [2019 to 2023]
254721,Central Pendam,Pakyong,Duga,Gram Panchayat Unit,2020-21,11655274.0,9210333.0,20865607.0,11223917.0,9641690.0,ACAR FS.xlsx [2019 to 2023]
254721,Central Pendam,Pakyong,Duga,Gram Panchayat Unit,2024-25,339656.0,1251746.0,1591402.0,608036.0,983366.0,ACAR FS.xlsx [2019 to 2023]
254722,Chakung,Soreng,Chumbong,Gram Panchayat Unit,2015-16,11991721.0,2618154.0,14609875.0,10125972.0,4483903.0,ACAR FS.xlsx [2019 to 2023]
254722,Chakung,Soreng,Chumbong,Gram Panchayat Unit,2016-17,4483903.0,11593989.0,16077892.0,9731498.0,6346394.0,ACAR FS.xlsx [2019 to 2023]
254722,Chakung,Soreng,Chumbong,Gram Panchayat Unit,2019-20,2757512.0,11725630.0,14483142.0,10675482.0,3807660.0,ACAR FS.xlsx [2019 to 2023]
254722,Chakung,Soreng,Chumbong,Gram Panchayat Unit,2020-21,3807660.0,4097938.0,7905598.0,4039858.0,3865740.0,ACAR FS.xlsx [2019 to 2023]
254722,Chakung,Soreng,Chumbong,Gram Panchayat Unit,2024-25,345236.0,1037938.0,1383174.0,1235934.0,147240.0,ACAR FS.xlsx [2019 to 2023]
254787,Chalamthang Pacheykhani,Pakyong,Pakyong,Gram Panchayat Unit,2015-16,1595732.0,6035702.0,7631434.0,4302560.0,3328874.0,ACAR FS.xlsx [2019 to 2023]
254787,Chalamthang Pacheykhani,Pakyong,Pakyong,Gram Panchayat Unit,2017-18,6611780.0,1488028.0,8099808.0,448817.0,7650991.0,ACAR FS.xlsx [2019 to 2023]
254787,Chalamthang Pacheykhani,Pakyong,Pakyong,Gram Panchayat Unit,2019-20,7368158.0,9401079.0,16769237.0,5779813.0,10989424.0,ACAR FS.xlsx [2019 to 2023]
254787,Chalamthang Pacheykhani,Pakyong,Pakyong,Gram Panchayat Unit,2020-21,10989424.0,6662629.0,17652053.0,8733027.0,8919026.0,ACAR FS.xlsx [2019 to 2023]
254724,Chingthang,Gyalshing,Hee Martam,Gram Panchayat Unit,2015-16,7987900.0,12659738.0,20647638.0,12757917.0,7889721.0,ACAR FS.xlsx [2019 to 2023]
254724,Chingthang,Gyalshing,Hee Martam,Gram Panchayat Unit,2016-17,7889721.0,17346339.0,25236060.0,15018906.0,10217154.0,ACAR FS.xlsx [2019 to 2023]
254724,Chingthang,Gyalshing,Hee Martam,Gram Panchayat Unit,2019-20,3503426.0,6798022.0,10301448.0,4332913.0,5968535.0,ACAR FS.xlsx [2019 to 2023]
254724,Chingthang,Gyalshing,Hee Martam,Gram Panchayat Unit,2020-21,5968535.0,7080583.0,13049118.0,8690920.0,4358198.0,ACAR FS.xlsx [2019 to 2023]
254724,Chingthang,Gyalshing,Hee Martam,Gram Panchayat Unit,2024-25,2806684.0,16802853.0,19609537.0,11621637.0,7987900.0,ACAR FS.xlsx [2019 to 2023]
276337,Chisopani,Gangtok,Khamdong,Gram Panchayat Unit,2015-16,2171750.0,23903768.0,26075518.0,24402819.0,1672699.0,ACAR FS.xlsx [2019 to 2023]
276337,Chisopani,Gangtok,Khamdong,Gram Panchayat Unit,2016-17,1580365.0,25669202.0,27249567.0,24202169.0,3047398.0,ACAR FS.xlsx [2019 to 2023]
276337,Chisopani,Gangtok,Khamdong,Gram Panchayat Unit,2019-20,1783010.0,4691520.0,6474530.0,3170545.0,3303985.0,ACAR FS.xlsx [2019 to 2023]
276337,Chisopani,Gangtok,Khamdong,Gram Panchayat Unit,2020-21,3546083.0,6528081.0,10074164.0,6610049.0,3464115.0,ACAR FS.xlsx [2019 to 2023]
276337,Chisopani,Gangtok,Khamdong,Gram Panchayat Unit,2024-25,751737.0,25569451.0,26321188.0,24149438.0,2171750.0,ACAR FS.xlsx [2019 to 2023]
254725,Chota Samdong Arubotey,Soreng,Chumbong,Gram Panchayat Unit,2015-16,560306.0,28349892.0,28910198.0,26128466.0,2781732.0,ACAR FS.xlsx [2019 to 2023]
254725,Chota Samdong Arubotey,Soreng,Chumbong,Gram Panchayat Unit,2016-17,297192.0,2930391.0,3227583.0,1013343.0,2214240.0,ACAR FS.xlsx [2019 to 2023]
254725,Chota Samdong Arubotey,Soreng,Chumbong,Gram Panchayat Unit,2017-18,4781922.0,900000.0,5681922.0,1798591.0,3883331.0,ACAR FS.xlsx [2019 to 2023]
254725,Chota Samdong Arubotey,Soreng,Chumbong,Gram Panchayat Unit,2018-19,3883331.0,1140000.0,5023331.0,3147172.0,1876159.0,ACAR FS.xlsx [2019 to 2023]
254725,Chota Samdong Arubotey,Soreng,Chumbong,Gram Panchayat Unit,2019-20,11753119.0,29771824.0,41524943.0,34451805.0,7073138.0,ACAR FS.xlsx [2019 to 2023]
254725,Chota Samdong Arubotey,Soreng,Chumbong,Gram Panchayat Unit,2020-21,2326256.0,2223744.0,4550000.0,2832549.0,1717451.0,ACAR FS.xlsx [2019 to 2023]
254725,Chota Samdong Arubotey,Soreng,Chumbong,Gram Panchayat Unit,2024-25,441555.0,1131878.0,1573433.0,1160338.0,413095.0,ACAR FS.xlsx [2019 to 2023]
254726,Chuba Phong,Namchi,Namthang,Gram Panchayat Unit,2019-20,2421113.0,4821119.0,7242232.0,5412351.0,1829881.0,ACAR FS.xlsx [2019 to 2023]
254726,Chuba Phong,Namchi,Namthang,Gram Panchayat Unit,2020-21,1829881.0,2291277.0,4121158.0,2206206.0,1914952.0,ACAR FS.xlsx [2019 to 2023]
254727,Chujachen,Pakyong,Regu,Gram Panchayat Unit,2019-20,2191950.0,5199527.0,7391477.0,3829253.0,3562224.0,ACAR FS.xlsx [2019 to 2023]
254727,Chujachen,Pakyong,Regu,Gram Panchayat Unit,2020-21,3562224.0,3736326.0,7298550.0,4460696.0,2837854.0,ACAR FS.xlsx [2019 to 2023]
254859,Chungthang,Mangan,Chungthang,Gram Panchayat Unit,2019-20,6493124.0,12385095.0,18878219.0,12229093.0,6649126.0,ACAR FS.xlsx [2019 to 2023]
254859,Chungthang,Mangan,Chungthang,Gram Panchayat Unit,2020-21,6649126.0,6298129.0,12947255.0,5200218.0,7747037.0,ACAR FS.xlsx [2019 to 2023]
254729,Damthang,Namchi,Namchi,Gram Panchayat Unit,2020-21,5526965.0,3226605.0,8753570.0,3190690.0,5562880.0,ACAR FS.xlsx [2019 to 2023]
254730,Darap Singpheng,Gyalshing,Gyalshing,Gram Panchayat Unit,2015-16,4103721.0,11341929.0,15445650.0,8237538.0,7208112.0,ACAR FS.xlsx [2019 to 2023]
254730,Darap Singpheng,Gyalshing,Gyalshing,Gram Panchayat Unit,2016-17,7204740.0,8268301.0,15473041.0,9787773.0,5685268.0,ACAR FS.xlsx [2019 to 2023]
254730,Darap Singpheng,Gyalshing,Gyalshing,Gram Panchayat Unit,2020-21,6479695.0,5403776.0,11883471.0,7122725.0,4760746.0,ACAR FS.xlsx [2019 to 2023]
254730,Darap Singpheng,Gyalshing,Gyalshing,Gram Panchayat Unit,2024-25,1083188.0,11502867.0,12586055.0,8482334.0,4103721.0,ACAR FS.xlsx [2019 to 2023]
300194,Denchung,Namchi,Poklok Nandugaon,Gram Panchayat Unit,2019-20,2381957.0,8729112.0,11111069.0,7188571.0,3922498.0,ACAR FS.xlsx [2019 to 2023]
300194,Denchung,Namchi,Poklok Nandugaon,Gram Panchayat Unit,2020-21,3922498.0,12797300.0,16719798.0,13982735.0,2737063.0,ACAR FS.xlsx [2019 to 2023]
254731,Dentam,Gyalshing,Dentam,Gram Panchayat Unit,2015-16,3129762.0,11451485.0,14581247.0,13215545.0,1365702.0,ACAR FS.xlsx [2019 to 2023]
254731,Dentam,Gyalshing,Dentam,Gram Panchayat Unit,2016-17,1519302.0,12916836.0,14436138.0,11638532.0,2797606.0,ACAR FS.xlsx [2019 to 2023]
254731,Dentam,Gyalshing,Dentam,Gram Panchayat Unit,2020-21,7157811.0,9103234.0,16261045.0,11594469.0,4666576.0,ACAR FS.xlsx [2019 to 2023]
254731,Dentam,Gyalshing,Dentam,Gram Panchayat Unit,2024-25,2368273.0,10848439.0,13216712.0,10086604.0,3130108.0,ACAR FS.xlsx [2019 to 2023]
254732,Deythang,Soreng,Kaluk,Gram Panchayat Unit,2015-16,2633061.0,20265066.0,22898127.0,15884202.0,7013925.0,ACAR FS.xlsx [2019 to 2023]
254732,Deythang,Soreng,Kaluk,Gram Panchayat Unit,2016-17,4215160.0,10109672.0,14324832.0,12123501.0,2201331.0,ACAR FS.xlsx [2019 to 2023]
254732,Deythang,Soreng,Kaluk,Gram Panchayat Unit,2019-20,5345453.0,4118906.0,9464359.0,5842399.0,3621960.0,ACAR FS.xlsx [2019 to 2023]
254732,Deythang,Soreng,Kaluk,Gram Panchayat Unit,2024-25,3094869.0,13001055.0,16095924.0,13463363.0,2632561.0,ACAR FS.xlsx [2019 to 2023]
254733,Dhupidara Narkhola,Gyalshing,Arithang Chongrong,Gram Panchayat Unit,2015-16,1022875.0,884686.0,1907561.0,862774.0,1044787.0,ACAR FS.xlsx [2019 to 2023]
254733,Dhupidara Narkhola,Gyalshing,Arithang Chongrong,Gram Panchayat Unit,2016-17,1044787.0,1878627.0,2923414.0,2099189.0,824225.0,ACAR FS.xlsx [2019 to 2023]
254733,Dhupidara Narkhola,Gyalshing,Arithang Chongrong,Gram Panchayat Unit,2019-20,1952879.0,3728567.0,5681446.0,2802927.0,2878519.0,ACAR FS.xlsx [2019 to 2023]
254733,Dhupidara Narkhola,Gyalshing,Arithang Chongrong,Gram Panchayat Unit,2020-21,2956101.0,2828500.0,5784601.0,3454391.0,2330210.0,ACAR FS.xlsx [2019 to 2023]
254733,Dhupidara Narkhola,Gyalshing,Arithang Chongrong,Gram Panchayat Unit,2024-25,1165187.0,1185782.0,2350969.0,1328094.0,1022875.0,ACAR FS.xlsx [2019 to 2023]
254734,Dodak,Soreng,Daramdin,Gram Panchayat Unit,2015-16,1462286.0,18914690.0,20376976.0,17909888.0,2467088.0,ACAR FS.xlsx [2019 to 2023]
254734,Dodak,Soreng,Daramdin,Gram Panchayat Unit,2017-18,6440251.0,4500000.0,10940251.0,9165363.0,1774888.0,ACAR FS.xlsx [2019 to 2023]
254734,Dodak,Soreng,Daramdin,Gram Panchayat Unit,2018-19,1774888.0,9800000.0,11574888.0,10980545.0,594343.0,ACAR FS.xlsx [2019 to 2023]
254734,Dodak,Soreng,Daramdin,Gram Panchayat Unit,2020-21,3112428.0,2264313.0,5376741.0,3454749.0,1921992.0,ACAR FS.xlsx [2019 to 2023]
257847,Dung Dung Thasa,Gangtok,Khamdong,Gram Panchayat Unit,2015-16,1276795.0,12923065.0,14199860.0,12758972.0,1440888.0,ACAR FS.xlsx [2019 to 2023]
257847,Dung Dung Thasa,Gangtok,Khamdong,Gram Panchayat Unit,2016-17,1440888.0,16010924.0,17451812.0,14134235.0,3317577.0,ACAR FS.xlsx [2019 to 2023]
257847,Dung Dung Thasa,Gangtok,Khamdong,Gram Panchayat Unit,2019-20,2232758.0,4294824.0,6527582.0,2156893.0,4370689.0,ACAR FS.xlsx [2019 to 2023]
257847,Dung Dung Thasa,Gangtok,Khamdong,Gram Panchayat Unit,2020-21,4370689.0,2947573.0,7318262.0,3865845.0,3452417.0,ACAR FS.xlsx [2019 to 2023]
257847,Dung Dung Thasa,Gangtok,Khamdong,Gram Panchayat Unit,2024-25,3997449.0,12050387.0,16047836.0,14889708.0,1158128.0,ACAR FS.xlsx [2019 to 2023]
254736,East Pendam,Pakyong,Pakyong,Gram Panchayat Unit,2015-16,2901890.0,18579840.0,21481730.0,18755429.0,2726301.0,ACAR FS.xlsx [2019 to 2023]
254736,East Pendam,Pakyong,Pakyong,Gram Panchayat Unit,2016-17,2527812.0,10198166.0,12725978.0,8965130.0,3760848.0,ACAR FS.xlsx [2019 to 2023]
254821,Gelling Baiguney,Soreng,Baiguney,Gram Panchayat Unit,2019-20,1310569.0,2419521.0,3730090.0,1094306.0,2635784.0,ACAR FS.xlsx [2019 to 2023]
254821,Gelling Baiguney,Soreng,Baiguney,Gram Panchayat Unit,2020-21,2635784.0,2170743.0,4806527.0,3557247.0,1249280.0,ACAR FS.xlsx [2019 to 2023]
254737,Gerethang,Gyalshing,Yoksum,Gram Panchayat Unit,2019-20,7326433.0,14534463.0,21860896.0,12981676.0,8879220.0,ACAR FS.xlsx [2019 to 2023]
254737,Gerethang,Gyalshing,Yoksum,Gram Panchayat Unit,2020-21,8879220.0,4182707.0,13061927.0,4713175.0,8348752.0,ACAR FS.xlsx [2019 to 2023]
254738,Gnathang,Gangtok,Nandok,Gram Panchayat Unit,2015-16,1441788.0,3915977.0,5357765.0,3889891.0,1467874.0,ACAR FS.xlsx [2019 to 2023]
254738,Gnathang,Gangtok,Nandok,Gram Panchayat Unit,2016-17,847563.0,4435413.0,5282976.0,3441250.0,1841726.0,ACAR FS.xlsx [2019 to 2023]
254738,Gnathang,Gangtok,Nandok,Gram Panchayat Unit,2019-20,2467268.0,4121916.0,6589184.0,2262326.0,4326858.0,ACAR FS.xlsx [2019 to 2023]
254738,Gnathang,Gangtok,Nandok,Gram Panchayat Unit,2020-21,4326858.0,12441223.0,16768081.0,9499136.0,7268945.0,ACAR FS.xlsx [2019 to 2023]
254738,Gnathang,Gangtok,Nandok,Gram Panchayat Unit,2024-25,1746755.0,7306517.0,9053272.0,7394773.0,1658499.0,ACAR FS.xlsx [2019 to 2023]
254739,Gyalshing Omchung,Gyalshing,Gyalshing,Gram Panchayat Unit,2015-16,642517.0,2174944.0,2817461.0,1655231.0,1162230.0,ACAR FS.xlsx [2019 to 2023]
254739,Gyalshing Omchung,Gyalshing,Gyalshing,Gram Panchayat Unit,2016-17,1162230.0,2589825.0,3752055.0,1528411.0,2223644.0,ACAR FS.xlsx [2019 to 2023]
254739,Gyalshing Omchung,Gyalshing,Gyalshing,Gram Panchayat Unit,2019-20,3387127.0,5019956.0,8407083.0,3059433.0,5347650.0,ACAR FS.xlsx [2019 to 2023]
254739,Gyalshing Omchung,Gyalshing,Gyalshing,Gram Panchayat Unit,2020-21,5347650.0,5196017.0,10543667.0,5509626.0,5034041.0,ACAR FS.xlsx [2019 to 2023]
254739,Gyalshing Omchung,Gyalshing,Gyalshing,Gram Panchayat Unit,2024-25,477623.0,1087699.0,1565322.0,1225932.0,339390.0,ACAR FS.xlsx [2019 to 2023]
254740,Hee,Gyalshing,Dentam,Gram Panchayat Unit,2015-16,5254708.0,19387316.0,24642024.0,17178381.0,7463643.0,ACAR FS.xlsx [2019 to 2023]
254740,Hee,Gyalshing,Dentam,Gram Panchayat Unit,2016-17,7446163.0,17062770.0,24508933.0,14276920.0,10232013.0,ACAR FS.xlsx [2019 to 2023]
254740,Hee,Gyalshing,Dentam,Gram Panchayat Unit,2019-20,4890975.0,11222581.0,16113556.0,13363943.0,2749613.0,ACAR FS.xlsx [2019 to 2023]
254740,Hee,Gyalshing,Dentam,Gram Panchayat Unit,2020-21,6755958.0,4197293.0,10953251.0,6973900.0,3979351.0,ACAR FS.xlsx [2019 to 2023]
254740,Hee,Gyalshing,Dentam,Gram Panchayat Unit,2024-25,4671123.0,13822245.0,18493368.0,13238660.0,5254708.0,ACAR FS.xlsx [2019 to 2023]
254742,Kabi Rongpa,Mangan,Kabi,Gram Panchayat Unit,2015-16,13288463.0,41584730.0,54873193.0,51087682.0,3785511.0,ACAR FS.xlsx [2019 to 2023]
254742,Kabi Rongpa,Mangan,Kabi,Gram Panchayat Unit,2016-17,486468.0,26972889.0,27459357.0,23986661.0,3472696.0,ACAR FS.xlsx [2019 to 2023]
254742,Kabi Rongpa,Mangan,Kabi,Gram Panchayat Unit,2017-18,3472696.0,28232074.0,31704770.0,23296299.0,8408471.0,ACAR FS.xlsx [2019 to 2023]
254742,Kabi Rongpa,Mangan,Kabi,Gram Panchayat Unit,2018-19,16562361.0,24603545.0,41165906.0,35395063.0,5770843.0,ACAR FS.xlsx [2019 to 2023]
254742,Kabi Rongpa,Mangan,Kabi,Gram Panchayat Unit,2020-21,1023998.0,1385885.0,2409883.0,1982395.0,427488.0,ACAR FS.xlsx [2019 to 2023]
300196,Kamrang,Namchi,Namchi,Gram Panchayat Unit,2019-20,1965957.0,4950969.0,6916926.0,3682639.25,3234286.75,ACAR FS.xlsx [2019 to 2023]
300196,Kamrang,Namchi,Namchi,Gram Panchayat Unit,2020-21,6315449.0,3956945.0,10272394.0,5259789.0,5012605.0,ACAR FS.xlsx [2019 to 2023]
257853,Karek Kabrey,Namchi,Namthang,Gram Panchayat Unit,2019-20,7174834.0,14490752.0,21665586.0,12753599.0,8911987.0,ACAR FS.xlsx [2019 to 2023]
254744,Karmatar Gitang,Gyalshing,Dentam,Gram Panchayat Unit,2015-16,2782455.0,19046733.0,21829188.0,18918468.0,2910720.0,ACAR FS.xlsx [2019 to 2023]
254744,Karmatar Gitang,Gyalshing,Dentam,Gram Panchayat Unit,2016-17,2910720.0,20540068.0,23450788.0,17342952.0,6107836.0,ACAR FS.xlsx [2019 to 2023]
254744,Karmatar Gitang,Gyalshing,Dentam,Gram Panchayat Unit,2019-20,4087834.0,12515292.0,16603126.0,13865764.0,2737362.0,ACAR FS.xlsx [2019 to 2023]
254744,Karmatar Gitang,Gyalshing,Dentam,Gram Panchayat Unit,2020-21,2737362.0,4518855.0,7256217.0,6113011.0,1143206.0,ACAR FS.xlsx [2019 to 2023]
254744,Karmatar Gitang,Gyalshing,Dentam,Gram Panchayat Unit,2024-25,2512946.0,15717493.0,18230439.0,15736078.0,2494361.0,ACAR FS.xlsx [2019 to 2023]
257849,Karthok Bojek,Soreng,Soreng,Gram Panchayat Unit,2015-16,423896.0,2708284.0,3132180.0,2902632.0,229548.0,ACAR FS.xlsx [2019 to 2023]
257849,Karthok Bojek,Soreng,Soreng,Gram Panchayat Unit,2017-18,1583778.0,2816416.0,4400194.0,2973356.0,1426838.0,ACAR FS.xlsx [2019 to 2023]
257849,Karthok Bojek,Soreng,Soreng,Gram Panchayat Unit,2019-20,1427736.0,2939663.0,4367399.0,2555108.0,1812291.0,ACAR FS.xlsx [2019 to 2023]
257849,Karthok Bojek,Soreng,Soreng,Gram Panchayat Unit,2020-21,1812291.0,1135676.0,2947967.0,2267351.0,680616.0,ACAR FS.xlsx [2019 to 2023]
254743,Karzi Mangnam,Gyalshing,Arithang Chongrong,Gram Panchayat Unit,2015-16,1319239.0,8719981.0,10039220.0,5686877.0,4352343.0,ACAR FS.xlsx [2019 to 2023]
254743,Karzi Mangnam,Gyalshing,Arithang Chongrong,Gram Panchayat Unit,2016-17,4350616.0,8363281.0,12713897.0,4846485.0,7867412.0,ACAR FS.xlsx [2019 to 2023]
254743,Karzi Mangnam,Gyalshing,Arithang Chongrong,Gram Panchayat Unit,2019-20,1004760.0,5382725.0,6387485.0,5070168.0,1317317.0,ACAR FS.xlsx [2019 to 2023]
254743,Karzi Mangnam,Gyalshing,Arithang Chongrong,Gram Panchayat Unit,2020-21,1317317.0,1903532.0,3220849.0,2127427.0,1093422.0,ACAR FS.xlsx [2019 to 2023]
254743,Karzi Mangnam,Gyalshing,Arithang Chongrong,Gram Panchayat Unit,2024-25,1771530.0,4687582.0,6459112.0,5141873.0,1317239.0,ACAR FS.xlsx [2019 to 2023]
254779,Kateng Pamphok,Namchi,Namthang,Gram Panchayat Unit,2019-20,2904595.0,10134733.0,13039328.0,8490343.0,4548985.0,ACAR FS.xlsx [2019 to 2023]
254779,Kateng Pamphok,Namchi,Namthang,Gram Panchayat Unit,2020-21,4548985.0,5317653.0,9866638.0,6757390.0,3109248.0,ACAR FS.xlsx [2019 to 2023]
254746,Kewzing Bakhim,Namchi,Ravong,Gram Panchayat Unit,2019-20,1364267.0,21930794.0,23295061.0,15122121.0,8172940.0,ACAR FS.xlsx [2019 to 2023]
254747,Khamdong,Gangtok,Khamdong,Gram Panchayat Unit,2015-16,5569045.0,16674487.0,22243532.0,17278609.0,4964923.0,ACAR FS.xlsx [2019 to 2023]
254747,Khamdong,Gangtok,Khamdong,Gram Panchayat Unit,2016-17,4957565.0,19732989.0,24690554.0,21508271.0,3182283.0,ACAR FS.xlsx [2019 to 2023]
254747,Khamdong,Gangtok,Khamdong,Gram Panchayat Unit,2019-20,14316812.0,12989607.0,27306419.0,20584530.0,6721889.0,ACAR FS.xlsx [2019 to 2023]
254747,Khamdong,Gangtok,Khamdong,Gram Panchayat Unit,2020-21,6721889.0,4447412.0,11169301.0,4730631.0,6438670.0,ACAR FS.xlsx [2019 to 2023]
254747,Khamdong,Gangtok,Khamdong,Gram Panchayat Unit,2024-25,4770693.0,16811419.0,21582112.0,16013067.0,5569045.0,ACAR FS.xlsx [2019 to 2023]
254748,Khaniserbong Suntoley,Soreng,Mangalbaria,Gram Panchayat Unit,2015-16,3950364.0,6511620.0,10461984.0,10012544.0,449440.0,ACAR FS.xlsx [2019 to 2023]
254748,Khaniserbong Suntoley,Soreng,Mangalbaria,Gram Panchayat Unit,2017-18,5459494.0,1050000.0,6509494.0,3893828.0,2615666.0,ACAR FS.xlsx [2019 to 2023]
254748,Khaniserbong Suntoley,Soreng,Mangalbaria,Gram Panchayat Unit,2018-19,2615666.0,2020000.0,4635666.0,4184569.0,451097.0,ACAR FS.xlsx [2019 to 2023]
254748,Khaniserbong Suntoley,Soreng,Mangalbaria,Gram Panchayat Unit,2019-20,1829262.0,3533294.0,5362556.0,2381058.0,2981498.0,ACAR FS.xlsx [2019 to 2023]
254778,Kitam Manpur,Namchi,Namchi,Gram Panchayat Unit,2019-20,3056514.0,5937540.0,8994054.0,5085974.0,3908080.0,ACAR FS.xlsx [2019 to 2023]
254778,Kitam Manpur,Namchi,Namchi,Gram Panchayat Unit,2020-21,3908080.0,5627638.0,9535718.0,7568943.0,1966775.0,ACAR FS.xlsx [2019 to 2023]
254758,Kolthang Tokday,Namchi,Yangang,Gram Panchayat Unit,2019-20,5242486.0,9580782.0,14823268.0,8172670.0,6650598.0,ACAR FS.xlsx [2019 to 2023]
254758,Kolthang Tokday,Namchi,Yangang,Gram Panchayat Unit,2020-21,6494190.0,3147690.0,9641880.0,6369369.0,3272511.0,ACAR FS.xlsx [2019 to 2023]
254749,Kongri Labdang,Gyalshing,Arithang Chongrong,Gram Panchayat Unit,2019-20,1009130.0,6128090.0,7137220.0,5886540.0,1250680.0,ACAR FS.xlsx [2019 to 2023]
254749,Kongri Labdang,Gyalshing,Arithang Chongrong,Gram Panchayat Unit,2020-21,1271530.0,2165142.0,3436672.0,2322060.0,1114612.0,ACAR FS.xlsx [2019 to 2023]
257846,Kopibari Syari,Gangtok,Nandok,Gram Panchayat Unit,2015-16,417864.0,22817705.0,23235569.0,21568268.0,1667301.0,ACAR FS.xlsx [2019 to 2023]
257846,Kopibari Syari,Gangtok,Nandok,Gram Panchayat Unit,2019-20,6090196.0,21293386.0,27383582.0,22580095.0,4803487.0,ACAR FS.xlsx [2019 to 2023]
257846,Kopibari Syari,Gangtok,Nandok,Gram Panchayat Unit,2020-21,4803487.0,4906513.0,9710000.0,4631596.0,5078404.0,ACAR FS.xlsx [2019 to 2023]
257833,Kyongnosla,Gangtok,Kabi,Gram Panchayat Unit,2015-16,20956.0,14445022.0,14465978.0,13381264.0,1084714.0,ACAR FS.xlsx [2019 to 2023]
257833,Kyongnosla,Gangtok,Kabi,Gram Panchayat Unit,2016-17,1611549.0,15327868.0,16939417.0,15812631.0,1126786.0,ACAR FS.xlsx [2019 to 2023]
257833,Kyongnosla,Gangtok,Kabi,Gram Panchayat Unit,2019-20,1042063.0,8326622.0,9368685.0,9240558.0,128127.0,ACAR FS.xlsx [2019 to 2023]
257833,Kyongnosla,Gangtok,Kabi,Gram Panchayat Unit,2020-21,128127.0,1237.0,129364.0,127100.0,2264.0,ACAR FS.xlsx [2019 to 2023]
257833,Kyongnosla,Gangtok,Kabi,Gram Panchayat Unit,2024-25,699035.0,14342260.0,15041295.0,14566348.0,474947.0,ACAR FS.xlsx [2019 to 2023]
254750,Lachen Dzumsa,Mangan,Chungthang,Gram Panchayat Unit,2019-20,2422715.0,3559144.0,5981859.0,987163.0,4994696.0,ACAR FS.xlsx [2019 to 2023]
254750,Lachen Dzumsa,Mangan,Chungthang,Gram Panchayat Unit,2020-21,4994696.0,3510855.0,8505551.0,4124359.0,4381192.0,ACAR FS.xlsx [2019 to 2023]
254751,Lachung Dzumsa,Mangan,Chungthang,Gram Panchayat Unit,2019-20,1749165.0,4991430.0,6740595.0,4213910.0,2526685.0,ACAR FS.xlsx [2019 to 2023]
254751,Lachung Dzumsa,Mangan,Chungthang,Gram Panchayat Unit,2020-21,2526685.0,2276676.0,4803361.0,4201562.0,601799.0,ACAR FS.xlsx [2019 to 2023]
254752,Lamting Tingmo,Namchi,Sikip,Gram Panchayat Unit,2017-18,1293832.0,4331900.0,5625732.0,2289572.0,3336160.0,ACAR FS.xlsx [2019 to 2023]
254752,Lamting Tingmo,Namchi,Sikip,Gram Panchayat Unit,2018-19,5004240.0,10177314.0,15181554.0,7745727.0,7435827.0,ACAR FS.xlsx [2019 to 2023]
254752,Lamting Tingmo,Namchi,Sikip,Gram Panchayat Unit,2019-20,3032221.0,8599162.0,11631383.0,8631438.0,2999945.0,ACAR FS.xlsx [2019 to 2023]
254752,Lamting Tingmo,Namchi,Sikip,Gram Panchayat Unit,2020-21,2999945.0,4252189.0,7252134.0,5118745.0,2133389.0,ACAR FS.xlsx [2019 to 2023]
254753,Latuk Barapathing,Pakyong,Parakha,Gram Panchayat Unit,2015-16,1324460.0,1861269.0,3185729.0,1789035.0,1396694.0,ACAR FS.xlsx [2019 to 2023]
254753,Latuk Barapathing,Pakyong,Parakha,Gram Panchayat Unit,2016-17,1367749.0,1314605.0,2682354.0,1428104.0,1254250.0,ACAR FS.xlsx [2019 to 2023]
254753,Latuk Barapathing,Pakyong,Parakha,Gram Panchayat Unit,2024-25,1112953.0,1006135.0,2119088.0,768828.0,1350260.0,ACAR FS.xlsx [2019 to 2023]
254754,Legship,Namchi,Ravong,Gram Panchayat Unit,2019-20,3733033.0,8729590.0,12462623.0,7651767.0,4810856.0,ACAR FS.xlsx [2019 to 2023]
254754,Legship,Namchi,Ravong,Gram Panchayat Unit,2020-21,6139856.0,1992571.0,8132427.0,4761791.0,3370636.0,ACAR FS.xlsx [2019 to 2023]
254755,Lingchom Tikjya,Gyalshing,Gyalshing,Gram Panchayat Unit,2015-16,2800264.0,10122096.0,12922360.0,11056223.0,1866137.0,ACAR FS.xlsx [2019 to 2023]
254755,Lingchom Tikjya,Gyalshing,Gyalshing,Gram Panchayat Unit,2016-17,2277736.0,15786946.0,18064682.0,16495566.0,1569116.0,ACAR FS.xlsx [2019 to 2023]
254755,Lingchom Tikjya,Gyalshing,Gyalshing,Gram Panchayat Unit,2024-25,2483253.0,10715399.0,13198652.0,9974589.0,3224063.0,ACAR FS.xlsx [2019 to 2023]
276335,Lingchom Tingda,Mangan,Kabi,Gram Panchayat Unit,2018-19,0.0,20674868.0,20674868.0,20501714.0,173154.0,ACAR FS.xlsx [2019 to 2023]
276335,Lingchom Tingda,Mangan,Kabi,Gram Panchayat Unit,2020-21,1886521.0,1981996.0,3868517.0,2504482.0,1364035.0,ACAR FS.xlsx [2019 to 2023]
254756,Lingdok Nampong,Mangan,Kabi,Gram Panchayat Unit,2016-17,1990530.0,2596142.0,4586672.0,1949684.0,2636988.0,ACAR FS.xlsx [2019 to 2023]
254756,Lingdok Nampong,Mangan,Kabi,Gram Panchayat Unit,2017-18,3536240.0,59970826.0,63507066.0,51621838.0,11885228.0,ACAR FS.xlsx [2019 to 2023]
254756,Lingdok Nampong,Mangan,Kabi,Gram Panchayat Unit,2018-19,17902710.0,73143760.0,91046470.0,73772636.0,17273834.0,ACAR FS.xlsx [2019 to 2023]
254756,Lingdok Nampong,Mangan,Kabi,Gram Panchayat Unit,2020-21,4065961.0,2537560.0,6603521.0,4303055.0,2300466.0,ACAR FS.xlsx [2019 to 2023]
254757,Lingi,Namchi,Yangang,Gram Panchayat Unit,2019-20,3843491.0,8900321.0,12743812.0,9153458.0,3590354.0,ACAR FS.xlsx [2019 to 2023]
254757,Lingi,Namchi,Yangang,Gram Panchayat Unit,2020-21,3590354.0,2277527.0,5867881.0,2401937.0,3465944.0,ACAR FS.xlsx [2019 to 2023]
254759,Lingtam Phadamchen,Pakyong,Regu,Gram Panchayat Unit,2019-20,1481390.0,4046437.0,5527827.0,3242086.0,2285741.0,ACAR FS.xlsx [2019 to 2023]
254759,Lingtam Phadamchen,Pakyong,Regu,Gram Panchayat Unit,2020-21,2285741.0,2089490.0,4375231.0,3312561.0,1062670.0,ACAR FS.xlsx [2019 to 2023]
254760,Lingthem Lingdem,Mangan,Passingdong,Gram Panchayat Unit,2019-20,3856647.0,8325194.51,12181841.51,10932976.51,1248865.0,ACAR FS.xlsx [2019 to 2023]
254760,Lingthem Lingdem,Mangan,Passingdong,Gram Panchayat Unit,2020-21,1248865.0,2693406.0,3942271.0,3415049.0,527222.0,ACAR FS.xlsx [2019 to 2023]
254850,Linkey Parakha,Pakyong,Parakha,Gram Panchayat Unit,2015-16,508893.0,2273550.0,2782443.0,1852429.0,930014.0,ACAR FS.xlsx [2019 to 2023]
254850,Linkey Parakha,Pakyong,Parakha,Gram Panchayat Unit,2020-21,3838903.0,4343684.0,8182587.0,5161746.0,3020841.0,ACAR FS.xlsx [2019 to 2023]
254850,Linkey Parakha,Pakyong,Parakha,Gram Panchayat Unit,2024-25,453338.0,1240143.0,1693481.0,1184588.0,508893.0,ACAR FS.xlsx [2019 to 2023]
254763,Lower Fambong,Soreng,Daramdin,Gram Panchayat Unit,2019-20,5127744.0,11709382.0,16837126.0,11099654.0,5737472.0,ACAR FS.xlsx [2019 to 2023]
254763,Lower Fambong,Soreng,Daramdin,Gram Panchayat Unit,2020-21,5737472.0,3039493.0,8776965.0,5273819.0,3503146.0,ACAR FS.xlsx [2019 to 2023]
300285,Lower Timburbong,Soreng,Soreng,Gram Panchayat Unit,2015-16,284316.0,17818052.0,18102368.0,17695086.0,407282.0,ACAR FS.xlsx [2019 to 2023]
300285,Lower Timburbong,Soreng,Soreng,Gram Panchayat Unit,2017-18,5472422.0,4250000.0,9722422.0,8453438.0,1268984.0,ACAR FS.xlsx [2019 to 2023]
300285,Lower Timburbong,Soreng,Soreng,Gram Panchayat Unit,2018-19,1268984.0,9450000.0,10718984.0,11009109.0,-290125.0,ACAR FS.xlsx [2019 to 2023]
254765,Lum Gor Sangtok,Mangan,Passingdong,Gram Panchayat Unit,2019-20,2273024.0,3398164.0,5671188.0,2074084.0,3597104.0,ACAR FS.xlsx [2019 to 2023]
254765,Lum Gor Sangtok,Mangan,Passingdong,Gram Panchayat Unit,2020-21,3592487.0,1872022.0,5464509.0,3642762.0,1821747.0,ACAR FS.xlsx [2019 to 2023]
254766,Lungchok Kamarey,Namchi,Sumbuk,Gram Panchayat Unit,2019-20,566926.0,8894431.0,9461357.0,9397685.0,63672.0,ACAR FS.xlsx [2019 to 2023]
254766,Lungchok Kamarey,Namchi,Sumbuk,Gram Panchayat Unit,2020-21,63672.0,954243.0,1017915.0,861598.0,156317.0,ACAR FS.xlsx [2019 to 2023]
254762,Lungchok Salyangdang,Soreng,Daramdin,Gram Panchayat Unit,2019-20,2244539.0,3771579.0,6016118.0,2286197.0,3729921.0,ACAR FS.xlsx [2019 to 2023]
254762,Lungchok Salyangdang,Soreng,Daramdin,Gram Panchayat Unit,2020-21,3729921.0,3084810.0,6814731.0,3891044.0,2923687.0,ACAR FS.xlsx [2019 to 2023]
254767,Mabong Segeng,Soreng,Baiguney,Gram Panchayat Unit,2019-20,3471717.0,8200000.0,11671717.0,11589510.0,82207.0,ACAR FS.xlsx [2019 to 2023]
254767,Mabong Segeng,Soreng,Baiguney,Gram Panchayat Unit,2020-21,6854983.0,2863316.0,9718299.0,3227500.0,6490799.0,ACAR FS.xlsx [2019 to 2023]
254768,Malbasay,Soreng,Soreng,Gram Panchayat Unit,2015-16,1128084.0,41282160.0,42410244.0,42306908.0,103336.0,ACAR FS.xlsx [2019 to 2023]
254768,Malbasay,Soreng,Soreng,Gram Panchayat Unit,2016-17,1059464.0,3713028.0,4772492.0,1576330.0,3196162.0,ACAR FS.xlsx [2019 to 2023]
254768,Malbasay,Soreng,Soreng,Gram Panchayat Unit,2017-18,12342927.0,9900000.0,22242927.0,19025323.0,3217604.0,ACAR FS.xlsx [2019 to 2023]
254768,Malbasay,Soreng,Soreng,Gram Panchayat Unit,2018-19,3217604.0,20500000.0,23717604.0,22604591.0,1113013.0,ACAR FS.xlsx [2019 to 2023]
254768,Malbasay,Soreng,Soreng,Gram Panchayat Unit,2019-20,1823769.0,2808730.0,4632499.0,3030846.0,1601653.0,ACAR FS.xlsx [2019 to 2023]
254768,Malbasay,Soreng,Soreng,Gram Panchayat Unit,2020-21,1601653.0,2273819.0,3875472.0,2781836.0,1093636.0,ACAR FS.xlsx [2019 to 2023]
254770,Maneybung,Gyalshing,Dentam,Gram Panchayat Unit,2015-16,4398731.0,19395582.0,23794313.0,18795508.0,4998805.0,ACAR FS.xlsx [2019 to 2023]
254770,Maneybung,Gyalshing,Dentam,Gram Panchayat Unit,2016-17,4998805.0,18864168.0,23862973.0,16799965.0,7063008.0,ACAR FS.xlsx [2019 to 2023]
254770,Maneybung,Gyalshing,Dentam,Gram Panchayat Unit,2020-21,5200694.0,4554380.0,9755074.0,5762221.0,3992853.0,ACAR FS.xlsx [2019 to 2023]
254770,Maneybung,Gyalshing,Dentam,Gram Panchayat Unit,2024-25,4320226.0,21888501.0,26208727.0,21373709.0,4835018.0,ACAR FS.xlsx [2019 to 2023]
276344,Mangsari Mangarjung,Soreng,Soreng,Gram Panchayat Unit,2018-19,0.0,9044445.0,9044445.0,5422050.0,3622395.0,ACAR FS.xlsx [2019 to 2023]
276344,Mangsari Mangarjung,Soreng,Soreng,Gram Panchayat Unit,2020-21,2444095.0,2309791.0,4753886.0,3373119.0,1380767.0,ACAR FS.xlsx [2019 to 2023]
254853,Mangshila Tibuk,Mangan,Mangan,Gram Panchayat Unit,2015-16,1535535.0,18641378.0,20176913.0,18440732.0,1736181.0,ACAR FS.xlsx [2019 to 2023]
254853,Mangshila Tibuk,Mangan,Mangan,Gram Panchayat Unit,2016-17,1173317.0,13507994.0,14681311.0,12135997.0,2545314.0,ACAR FS.xlsx [2019 to 2023]
254853,Mangshila Tibuk,Mangan,Mangan,Gram Panchayat Unit,2020-21,7150252.0,12081759.0,19232011.0,15237174.0,3994837.0,ACAR FS.xlsx [2019 to 2023]
254772,Maniram Phalidara,Namchi,Namchi,Gram Panchayat Unit,2019-20,5831366.0,15407166.0,21238532.0,14281134.0,6957398.0,ACAR FS.xlsx [2019 to 2023]
254772,Maniram Phalidara,Namchi,Namchi,Gram Panchayat Unit,2020-21,6957398.0,2138695.0,9096093.0,2515668.0,6580425.0,ACAR FS.xlsx [2019 to 2023]
254791,Martam,Gyalshing,Hee Martam,Gram Panchayat Unit,2019-20,32426.0,7766655.0,7799081.0,7762070.0,37011.0,ACAR FS.xlsx [2019 to 2023]
254791,Martam,Gyalshing,Hee Martam,Gram Panchayat Unit,2020-21,4843099.0,3698196.0,8541295.0,6238763.0,2302532.0,ACAR FS.xlsx [2019 to 2023]
254773,Martam Nazitam,Gangtok,Martam,Gram Panchayat Unit,2015-16,8580199.0,14002594.0,22582793.0,15821494.0,6761299.0,ACAR FS.xlsx [2019 to 2023]
254773,Martam Nazitam,Gangtok,Martam,Gram Panchayat Unit,2016-17,6761299.0,17109850.0,23871149.0,14073334.0,9797815.0,ACAR FS.xlsx [2019 to 2023]
254773,Martam Nazitam,Gangtok,Martam,Gram Panchayat Unit,2017-18,8327646.0,35377241.0,43704887.0,33052436.0,10652451.0,ACAR FS.xlsx [2019 to 2023]
254773,Martam Nazitam,Gangtok,Martam,Gram Panchayat Unit,2018-19,13359881.0,48483598.0,61843479.0,47758200.0,14085279.0,ACAR FS.xlsx [2019 to 2023]
254773,Martam Nazitam,Gangtok,Martam,Gram Panchayat Unit,2019-20,10000995.0,10765702.0,20766697.0,9517217.0,11249480.0,ACAR FS.xlsx [2019 to 2023]
254773,Martam Nazitam,Gangtok,Martam,Gram Panchayat Unit,2020-21,11249480.0,4141456.0,15390936.0,11376337.0,4014599.0,ACAR FS.xlsx [2019 to 2023]
254773,Martam Nazitam,Gangtok,Martam,Gram Panchayat Unit,2024-25,6154155.0,16864753.0,23018908.0,14438709.0,8580199.0,ACAR FS.xlsx [2019 to 2023]
254774,Meli Aching,Gyalshing,Yoksum,Gram Panchayat Unit,2019-20,3712364.0,9719857.0,13432221.0,13419008.0,13213.0,ACAR FS.xlsx [2019 to 2023]
254774,Meli Aching,Gyalshing,Yoksum,Gram Panchayat Unit,2020-21,1779825.0,2638727.0,4418552.0,3526342.0,892210.0,ACAR FS.xlsx [2019 to 2023]
254775,Mellidara Paiyong,Namchi,Sumbuk,Gram Panchayat Unit,2019-20,12198995.0,13144702.0,25343697.0,9739019.0,15604678.0,ACAR FS.xlsx [2019 to 2023]
254775,Mellidara Paiyong,Namchi,Sumbuk,Gram Panchayat Unit,2020-21,5007497.0,4564143.0,9571640.0,4902888.0,4668752.0,ACAR FS.xlsx [2019 to 2023]
254776,Men Rongong,Mangan,Kabi,Gram Panchayat Unit,2015-16,13917102.0,60789158.0,74706260.0,49578390.0,25127870.0,ACAR FS.xlsx [2019 to 2023]
254776,Men Rongong,Mangan,Kabi,Gram Panchayat Unit,2016-17,1425078.0,31194939.0,32620017.0,25768716.0,6851301.0,ACAR FS.xlsx [2019 to 2023]
254776,Men Rongong,Mangan,Kabi,Gram Panchayat Unit,2017-18,11701182.0,52109532.0,63810714.0,45960120.0,17850594.0,ACAR FS.xlsx [2019 to 2023]
254776,Men Rongong,Mangan,Kabi,Gram Panchayat Unit,2018-19,21386658.0,56222610.0,77609268.0,65117810.0,12491458.0,ACAR FS.xlsx [2019 to 2023]
254776,Men Rongong,Mangan,Kabi,Gram Panchayat Unit,2020-21,2389463.0,2232414.0,4621877.0,2639422.0,1982455.0,ACAR FS.xlsx [2019 to 2023]
254776,Men Rongong,Mangan,Kabi,Gram Panchayat Unit,2024-25,2.08,0.0,3.97,2.93,1.04,ACAR FS.xlsx [upto 2018]
254777,Mendogaon Berbotey,Soreng,Chumbong,Gram Panchayat Unit,2015-16,853933.0,17229029.0,18082962.0,12001646.0,6081316.0,ACAR FS.xlsx [2019 to 2023]
254777,Mendogaon Berbotey,Soreng,Chumbong,Gram Panchayat Unit,2016-17,6081316.0,10933752.0,17015068.0,11623868.0,5391200.0,ACAR FS.xlsx [2019 to 2023]
254777,Mendogaon Berbotey,Soreng,Chumbong,Gram Panchayat Unit,2019-20,707494.0,10101079.0,10808573.0,9317731.0,1490842.0,ACAR FS.xlsx [2019 to 2023]
254777,Mendogaon Berbotey,Soreng,Chumbong,Gram Panchayat Unit,2020-21,1486329.0,1945856.0,3432185.0,2728271.0,703916.0,ACAR FS.xlsx [2019 to 2023]
254777,Mendogaon Berbotey,Soreng,Chumbong,Gram Panchayat Unit,2024-25,825643.0,12822142.0,13647785.0,12793852.0,853933.0,ACAR FS.xlsx [2019 to 2023]
254745,Namcheybong,Pakyong,Namcheybong,Gram Panchayat Unit,2015-16,551585.0,21710806.0,22262391.0,21629866.0,632525.0,ACAR FS.xlsx [2019 to 2023]
254745,Namcheybong,Pakyong,Namcheybong,Gram Panchayat Unit,2016-17,3475552.0,6225468.0,9701020.0,3297552.0,6403468.0,ACAR FS.xlsx [2019 to 2023]
254745,Namcheybong,Pakyong,Namcheybong,Gram Panchayat Unit,2017-18,1027230.0,25778402.0,26805632.0,22918285.0,3887347.0,ACAR FS.xlsx [2019 to 2023]
254745,Namcheybong,Pakyong,Namcheybong,Gram Panchayat Unit,2018-19,3887347.0,30899760.0,34787107.0,27944310.0,6842797.0,ACAR FS.xlsx [2019 to 2023]
254745,Namcheybong,Pakyong,Namcheybong,Gram Panchayat Unit,2019-20,11565963.0,116955262.0,128521225.0,119775309.0,8745916.0,ACAR FS.xlsx [2019 to 2023]
254745,Namcheybong,Pakyong,Namcheybong,Gram Panchayat Unit,2020-21,8745916.0,6577705.0,15323621.0,9337762.0,5985859.0,ACAR FS.xlsx [2019 to 2023]
254781,Namli,Gangtok,Martam,Gram Panchayat Unit,2017-18,4018285.0,20753800.0,24772085.0,21684660.0,3087425.0,ACAR FS.xlsx [2019 to 2023]
254781,Namli,Gangtok,Martam,Gram Panchayat Unit,2018-19,3087425.0,32373742.0,35461167.0,30228102.0,5233065.0,ACAR FS.xlsx [2019 to 2023]
254781,Namli,Gangtok,Martam,Gram Panchayat Unit,2019-20,1441085.0,11967092.0,13408177.0,13297921.0,110256.0,ACAR FS.xlsx [2019 to 2023]
254781,Namli,Gangtok,Martam,Gram Panchayat Unit,2020-21,4576986.0,2400107.0,6977093.0,6152991.0,824102.0,ACAR FS.xlsx [2019 to 2023]
254782,Namok Swayem,Mangan,Mangan,Gram Panchayat Unit,2015-16,2009195.0,12649656.0,14658851.0,13524640.0,1134211.0,ACAR FS.xlsx [2019 to 2023]
254782,Namok Swayem,Mangan,Mangan,Gram Panchayat Unit,2016-17,1134211.0,14398806.0,15533017.0,13908077.0,1624940.0,ACAR FS.xlsx [2019 to 2023]
254782,Namok Swayem,Mangan,Mangan,Gram Panchayat Unit,2020-21,1637557.0,2387241.0,4024798.0,2740988.0,1283810.0,ACAR FS.xlsx [2019 to 2023]
254783,Namphing,Namchi,Temi,Gram Panchayat Unit,2019-20,10679082.0,35705511.0,46384593.0,30357085.0,16027508.0,ACAR FS.xlsx [2019 to 2023]
254783,Namphing,Namchi,Temi,Gram Panchayat Unit,2020-21,17210508.0,7145579.0,24356087.0,13183591.0,11172496.0,ACAR FS.xlsx [2019 to 2023]
254771,Namthang Maneydara,Namchi,Namthang,Gram Panchayat Unit,2020-21,3871790.0,4194020.0,8065810.0,7152134.0,913676.0,ACAR FS.xlsx [2019 to 2023]
257845,Nandok Saramsa,Gangtok,Nandok,Gram Panchayat Unit,2015-16,1009980.0,16555438.0,17565418.0,16518730.0,1046688.0,ACAR FS.xlsx [2019 to 2023]
257845,Nandok Saramsa,Gangtok,Nandok,Gram Panchayat Unit,2016-17,1046688.0,14181385.0,15228073.0,13250718.0,1977355.0,ACAR FS.xlsx [2019 to 2023]
257845,Nandok Saramsa,Gangtok,Nandok,Gram Panchayat Unit,2019-20,12519834.0,30902381.0,43422215.0,42799155.0,623060.0,ACAR FS.xlsx [2019 to 2023]
257845,Nandok Saramsa,Gangtok,Nandok,Gram Panchayat Unit,2020-21,623060.0,23714.0,646774.0,0.0,646774.0,ACAR FS.xlsx [2019 to 2023]
257845,Nandok Saramsa,Gangtok,Nandok,Gram Panchayat Unit,2024-25,1061237.0,12566464.0,13627701.0,12617721.0,1009980.0,ACAR FS.xlsx [2019 to 2023]
254784,Navey Shotak,Mangan,Kabi,Gram Panchayat Unit,2015-16,8010283.0,47121815.0,55132098.0,52728059.0,2404039.0,ACAR FS.xlsx [2019 to 2023]
254784,Navey Shotak,Mangan,Kabi,Gram Panchayat Unit,2016-17,2295693.0,20755054.0,23050747.0,20205043.0,2845704.0,ACAR FS.xlsx [2019 to 2023]
254784,Navey Shotak,Mangan,Kabi,Gram Panchayat Unit,2017-18,2971796.0,45689250.0,48661046.0,37007216.0,11653830.0,ACAR FS.xlsx [2019 to 2023]
254784,Navey Shotak,Mangan,Kabi,Gram Panchayat Unit,2018-19,16673400.0,70147338.0,86820738.0,67384986.0,19435752.0,ACAR FS.xlsx [2019 to 2023]
254784,Navey Shotak,Mangan,Kabi,Gram Panchayat Unit,2020-21,6198673.0,15774913.0,21973586.0,16209992.0,5763594.0,ACAR FS.xlsx [2019 to 2023]
254785,Niya Mangzing,Namchi,Yangang,Gram Panchayat Unit,2019-20,5454538.0,10250047.0,15704585.0,9597226.0,6107359.0,ACAR FS.xlsx [2019 to 2023]
254785,Niya Mangzing,Namchi,Yangang,Gram Panchayat Unit,2020-21,6107359.0,5131371.0,11238730.0,3986328.0,7252402.0,ACAR FS.xlsx [2019 to 2023]
254786,Okhrey,Soreng,Daramdin,Gram Panchayat Unit,2020-21,3380590.0,4453480.0,7834070.0,4590297.0,3243773.0,ACAR FS.xlsx [2019 to 2023]
257844,Pachey Samsing,Pakyong,Pakyong,Gram Panchayat Unit,2015-16,1741680.0,17679438.0,19421118.0,17775415.0,1645703.0,ACAR FS.xlsx [2019 to 2023]
257844,Pachey Samsing,Pakyong,Pakyong,Gram Panchayat Unit,2016-17,1589904.0,4723612.0,6313516.0,2699026.0,3614490.0,ACAR FS.xlsx [2019 to 2023]
257844,Pachey Samsing,Pakyong,Pakyong,Gram Panchayat Unit,2017-18,349306.0,12989053.0,13338359.0,10382218.0,2956141.0,ACAR FS.xlsx [2019 to 2023]
257844,Pachey Samsing,Pakyong,Pakyong,Gram Panchayat Unit,2019-20,3664128.0,16111654.0,19775782.0,12989241.0,6786541.0,ACAR FS.xlsx [2019 to 2023]
257844,Pachey Samsing,Pakyong,Pakyong,Gram Panchayat Unit,2020-21,6786541.0,6459599.0,13246140.0,6414736.0,6831404.0,ACAR FS.xlsx [2019 to 2023]
254788,Paiyong,Namchi,Yangang,Gram Panchayat Unit,2019-20,634213.0,8366575.0,9000788.0,8862818.0,137970.0,ACAR FS.xlsx [2019 to 2023]
254788,Paiyong,Namchi,Yangang,Gram Panchayat Unit,2020-21,137970.0,5471.0,143441.0,0.0,143441.0,ACAR FS.xlsx [2019 to 2023]
254789,Pakyong Yaakten,Pakyong,Pakyong,Gram Panchayat Unit,2015-16,219048.0,21721125.0,21940173.0,20936677.0,1003496.0,ACAR FS.xlsx [2019 to 2023]
254789,Pakyong Yaakten,Pakyong,Pakyong,Gram Panchayat Unit,2017-18,6669328.0,6894404.0,13563732.0,3131463.0,10432269.0,ACAR FS.xlsx [2019 to 2023]
254789,Pakyong Yaakten,Pakyong,Pakyong,Gram Panchayat Unit,2018-19,15648403.5,23252859.0,38901262.5,20655433.5,18245829.0,ACAR FS.xlsx [2019 to 2023]
254789,Pakyong Yaakten,Pakyong,Pakyong,Gram Panchayat Unit,2019-20,12869981.0,19989913.0,32859894.0,22799174.0,10060720.0,ACAR FS.xlsx [2019 to 2023]
254789,Pakyong Yaakten,Pakyong,Pakyong,Gram Panchayat Unit,2020-21,10060720.0,6808934.0,16869654.0,8609044.0,8260610.0,ACAR FS.xlsx [2019 to 2023]
276340,Parengoan,Soreng,Mangalbaria,Gram Panchayat Unit,2019-20,5964476.0,6486216.0,12450692.0,9215522.0,3235170.0,ACAR FS.xlsx [2019 to 2023]
276340,Parengoan,Soreng,Mangalbaria,Gram Panchayat Unit,2020-21,3235170.0,1159379.0,4394549.0,1103271.0,3291278.0,ACAR FS.xlsx [2019 to 2023]
254790,Passingdang Saffo,Mangan,Passingdong,Gram Panchayat Unit,2019-20,2910933.0,4894334.0,7805267.0,4949938.0,2855329.0,ACAR FS.xlsx [2019 to 2023]
254790,Passingdang Saffo,Mangan,Passingdong,Gram Panchayat Unit,2020-21,2855329.0,2642972.0,5498301.0,3665462.0,1832839.0,ACAR FS.xlsx [2019 to 2023]
254830,Patuk Singbel,Gangtok,Rakdong Tintek,Gram Panchayat Unit,2015-16,745874.0,2485728.0,3231602.0,1991546.0,1240056.0,ACAR FS.xlsx [2019 to 2023]
254830,Patuk Singbel,Gangtok,Rakdong Tintek,Gram Panchayat Unit,2016-17,1240056.0,3053397.0,4293453.0,2660467.0,1632986.0,ACAR FS.xlsx [2019 to 2023]
254830,Patuk Singbel,Gangtok,Rakdong Tintek,Gram Panchayat Unit,2020-21,6103450.0,6514475.0,12617925.0,7064982.0,5552943.0,ACAR FS.xlsx [2019 to 2023]
254830,Patuk Singbel,Gangtok,Rakdong Tintek,Gram Panchayat Unit,2024-25,481556.0,1348138.0,1829694.0,1083820.0,745874.0,ACAR FS.xlsx [2019 to 2023]
254792,Perbing Dovan,Namchi,Namthang,Gram Panchayat Unit,2019-20,2047790.0,4650365.0,6698155.0,3108641.0,3589514.0,ACAR FS.xlsx [2019 to 2023]
254792,Perbing Dovan,Namchi,Namthang,Gram Panchayat Unit,2020-21,3589513.0,3043613.0,6633126.0,3995243.0,2637883.0,ACAR FS.xlsx [2019 to 2023]
254793,Phensang,Mangan,Kabi,Gram Panchayat Unit,2015-16,4668696.0,7763453.0,12432149.0,11286749.0,1145400.0,ACAR FS.xlsx [2019 to 2023]
254793,Phensang,Mangan,Kabi,Gram Panchayat Unit,2016-17,669568.0,11354599.0,12024167.0,9867422.0,2156745.0,ACAR FS.xlsx [2019 to 2023]
254793,Phensang,Mangan,Kabi,Gram Panchayat Unit,2017-18,2156745.0,8935804.0,11092549.0,7937607.0,3154942.0,ACAR FS.xlsx [2019 to 2023]
254793,Phensang,Mangan,Kabi,Gram Panchayat Unit,2018-19,6309884.0,8678396.0,14988280.0,13125856.0,1862424.0,ACAR FS.xlsx [2019 to 2023]
254793,Phensang,Mangan,Kabi,Gram Panchayat Unit,2020-21,2689238.0,3407574.0,6096812.0,4074079.0,2022733.0,ACAR FS.xlsx [2019 to 2023]
254794,Poklok,Namchi,Poklok Nandugaon,Gram Panchayat Unit,2019-20,884538.0,10003196.0,10887734.0,10778797.0,108937.0,ACAR FS.xlsx [2019 to 2023]
254794,Poklok,Namchi,Poklok Nandugaon,Gram Panchayat Unit,2020-21,108937.0,4146.0,113083.0,0.0,113083.0,ACAR FS.xlsx [2019 to 2023]
254795,Premlakha Subaneydara,Pakyong,Regu,Gram Panchayat Unit,2019-20,1565967.0,3545984.0,5111951.0,3526283.0,1585668.0,ACAR FS.xlsx [2019 to 2023]
254795,Premlakha Subaneydara,Pakyong,Regu,Gram Panchayat Unit,2020-21,1585668.0,3082964.0,4668632.0,3842511.0,826121.0,ACAR FS.xlsx [2019 to 2023]
254797,Rakdong Tintek,Gangtok,Rakdong Tintek,Gram Panchayat Unit,2015-16,600649.0,2462472.0,3063121.0,2033790.0,1029331.0,ACAR FS.xlsx [2019 to 2023]
254797,Rakdong Tintek,Gangtok,Rakdong Tintek,Gram Panchayat Unit,2016-17,1029331.0,2567538.0,3596869.0,2158419.0,1438450.0,ACAR FS.xlsx [2019 to 2023]
254797,Rakdong Tintek,Gangtok,Rakdong Tintek,Gram Panchayat Unit,2020-21,7473939.0,5359440.0,12833379.0,7284847.0,5548532.0,ACAR FS.xlsx [2019 to 2023]
254798,Ralong Namlung,Namchi,Ravong,Gram Panchayat Unit,2019-20,5909842.0,11524171.0,17434013.0,9906314.0,7527699.0,ACAR FS.xlsx [2019 to 2023]
254798,Ralong Namlung,Namchi,Ravong,Gram Panchayat Unit,2020-21,7527699.0,5116137.0,12643836.0,6479054.0,6164782.0,ACAR FS.xlsx [2019 to 2023]
254799,Rameng Nizrameng,Namchi,Namthang,Gram Panchayat Unit,2019-20,3642974.0,6166608.0,9809582.0,5151155.0,4658427.0,ACAR FS.xlsx [2019 to 2023]
254799,Rameng Nizrameng,Namchi,Namthang,Gram Panchayat Unit,2020-21,4658427.0,2662215.0,7320642.0,3140746.0,4179896.0,ACAR FS.xlsx [2019 to 2023]
254800,Ramthang Tanyak,Mangan,Mangan,Gram Panchayat Unit,2015-16,1205713.0,8424860.0,9630573.0,8228400.0,1402173.0,ACAR FS.xlsx [2019 to 2023]
254800,Ramthang Tanyak,Mangan,Mangan,Gram Panchayat Unit,2016-17,1402173.0,10725621.0,12127794.0,9917111.0,2210683.0,ACAR FS.xlsx [2019 to 2023]
254800,Ramthang Tanyak,Mangan,Mangan,Gram Panchayat Unit,2020-21,1984319.0,1511225.0,3495544.0,3060604.0,434940.0,ACAR FS.xlsx [2019 to 2023]
254802,Rateypani,Namchi,Namthang,Gram Panchayat Unit,2019-20,3353110.0,10507485.0,13860595.0,10285318.0,3575277.0,ACAR FS.xlsx [2019 to 2023]
254802,Rateypani,Namchi,Namthang,Gram Panchayat Unit,2020-21,3575277.0,3084175.0,6659452.0,3976886.0,2682566.0,ACAR FS.xlsx [2019 to 2023]
254806,Rhenock,Pakyong,Rhenock,Gram Panchayat Unit,2015-16,5787878.0,50044252.0,55832130.0,49754008.0,6078122.0,ACAR FS.xlsx [2019 to 2023]
254806,Rhenock,Pakyong,Rhenock,Gram Panchayat Unit,2016-17,7177144.0,40008710.0,47185854.0,33550607.8,13635246.0,ACAR FS.xlsx [2019 to 2023]
254806,Rhenock,Pakyong,Rhenock,Gram Panchayat Unit,2017-18,1862197.0,27774393.0,29636590.0,25320656.0,4315934.0,ACAR FS.xlsx [2019 to 2023]
254806,Rhenock,Pakyong,Rhenock,Gram Panchayat Unit,2018-19,4315934.0,27295044.0,31610978.0,25232931.0,6378047.0,ACAR FS.xlsx [2019 to 2023]
254806,Rhenock,Pakyong,Rhenock,Gram Panchayat Unit,2020-21,15707421.0,7112441.0,22819862.0,5858449.0,16961413.0,ACAR FS.xlsx [2019 to 2023]
254807,Ribdi Bhareng,Soreng,Daramdin,Gram Panchayat Unit,2019-20,1560945.0,2918383.0,4479328.0,1869851.0,2609477.0,ACAR FS.xlsx [2019 to 2023]
254807,Ribdi Bhareng,Soreng,Daramdin,Gram Panchayat Unit,2020-21,2682160.0,2747472.0,5429632.0,3944003.0,1485629.0,ACAR FS.xlsx [2019 to 2023]
276336,Rimbi Tingbrum,Gyalshing,Yoksum,Gram Panchayat Unit,2019-20,1677908.0,4720152.0,6398060.0,3646393.0,2751667.0,ACAR FS.xlsx [2019 to 2023]
276336,Rimbi Tingbrum,Gyalshing,Yoksum,Gram Panchayat Unit,2020-21,2893711.0,3017132.0,5910843.0,3873043.0,2037800.0,ACAR FS.xlsx [2019 to 2023]
254808,Ringhim Nampatam,Mangan,Mangan,Gram Panchayat Unit,2015-16,1936079.0,22766872.0,24702951.0,23265068.0,1437883.0,ACAR FS.xlsx [2019 to 2023]
254808,Ringhim Nampatam,Mangan,Mangan,Gram Panchayat Unit,2016-17,2139210.0,16373538.0,18512748.0,13476606.0,5036142.0,ACAR FS.xlsx [2019 to 2023]
254808,Ringhim Nampatam,Mangan,Mangan,Gram Panchayat Unit,2020-21,4972883.0,3234739.0,8207622.0,6080951.0,2126671.0,ACAR FS.xlsx [2019 to 2023]
254809,Riwa Machong,Pakyong,Parakha,Gram Panchayat Unit,2015-16,470931.0,1769526.0,2240457.0,1792678.0,447779.0,ACAR FS.xlsx [2019 to 2023]
254809,Riwa Machong,Pakyong,Parakha,Gram Panchayat Unit,2016-17,232840.0,18043566.0,18276406.0,18143829.0,132577.0,ACAR FS.xlsx [2019 to 2023]
254809,Riwa Machong,Pakyong,Parakha,Gram Panchayat Unit,2019-20,204372661.0,346171201.0,550543862.0,322678612.0,227865250.0,ACAR FS.xlsx [2019 to 2023]
254809,Riwa Machong,Pakyong,Parakha,Gram Panchayat Unit,2020-21,230794896.0,555115336.0,785910232.0,596340090.0,189570143.0,ACAR FS.xlsx [2019 to 2023]
254810,Rolep Lamaten,Pakyong,Regu,Gram Panchayat Unit,2019-20,1876885.0,4472163.0,6349048.0,2627078.0,3721970.0,ACAR FS.xlsx [2019 to 2023]
254811,Rong Bul,Namchi,Namchi,Gram Panchayat Unit,2019-20,3613399.0,11738309.0,15351708.0,11259976.0,4091732.0,ACAR FS.xlsx [2019 to 2023]
254811,Rong Bul,Namchi,Namchi,Gram Panchayat Unit,2020-21,4091732.0,3127429.0,7219161.0,3047396.0,4171765.0,ACAR FS.xlsx [2019 to 2023]
254846,Rongay Tathangchen,Gangtok,Nandok,Gram Panchayat Unit,2015-16,127997.0,37539356.0,37667353.0,34939969.0,2727384.0,ACAR FS.xlsx [2019 to 2023]
254846,Rongay Tathangchen,Gangtok,Nandok,Gram Panchayat Unit,2016-17,2727384.0,29240440.0,31967824.0,29885796.0,2082028.0,ACAR FS.xlsx [2019 to 2023]
254846,Rongay Tathangchen,Gangtok,Nandok,Gram Panchayat Unit,2019-20,3068885.0,20583808.0,23652693.0,23454650.0,198043.0,ACAR FS.xlsx [2019 to 2023]
254846,Rongay Tathangchen,Gangtok,Nandok,Gram Panchayat Unit,2020-21,198043.0,7537.0,205580.0,0.0,205580.0,ACAR FS.xlsx [2019 to 2023]
254846,Rongay Tathangchen,Gangtok,Nandok,Gram Panchayat Unit,2024-25,6923.0,31859048.0,31865971.0,31737974.0,127997.0,ACAR FS.xlsx [2019 to 2023]
254812,Rongli Chengeylakha,Pakyong,Regu,Gram Panchayat Unit,2019-20,273888.0,4605479.0,4879367.0,2548957.0,2330410.0,ACAR FS.xlsx [2019 to 2023]
254812,Rongli Chengeylakha,Pakyong,Regu,Gram Panchayat Unit,2020-21,2330410.0,3117038.0,5447448.0,3864636.0,1582812.0,ACAR FS.xlsx [2019 to 2023]
254813,Rongong Tumlong,Mangan,Kabi,Gram Panchayat Unit,2015-16,7692027.0,31060878.0,38752905.0,37575372.0,1177533.0,ACAR FS.xlsx [2019 to 2023]
254813,Rongong Tumlong,Mangan,Kabi,Gram Panchayat Unit,2016-17,4087373.0,6347060.0,10434433.0,2900266.9,7534166.0,ACAR FS.xlsx [2019 to 2023]
254813,Rongong Tumlong,Mangan,Kabi,Gram Panchayat Unit,2017-18,2388268.0,14131787.0,16520055.0,12279792.0,4240263.0,ACAR FS.xlsx [2019 to 2023]
254813,Rongong Tumlong,Mangan,Kabi,Gram Panchayat Unit,2018-19,8480526.0,18739148.0,27219674.0,27000728.0,218946.0,ACAR FS.xlsx [2019 to 2023]
254813,Rongong Tumlong,Mangan,Kabi,Gram Panchayat Unit,2020-21,4155290.0,2399711.0,6555001.0,3279142.0,3275859.0,ACAR FS.xlsx [2019 to 2023]
254814,Rumbuk,Soreng,Daramdin,Gram Panchayat Unit,2019-20,3623094.0,6106594.0,9729688.0,5614936.0,4114752.0,ACAR FS.xlsx [2019 to 2023]
254814,Rumbuk,Soreng,Daramdin,Gram Panchayat Unit,2020-21,4114752.0,3276472.0,7391224.0,4055009.0,3336215.0,ACAR FS.xlsx [2019 to 2023]
254816,Sakyong Pentong,Mangan,Passingdong,Gram Panchayat Unit,2019-20,3251330.0,6404767.0,9656097.0,7683634.0,1972463.0,ACAR FS.xlsx [2019 to 2023]
254816,Sakyong Pentong,Mangan,Passingdong,Gram Panchayat Unit,2020-21,1969096.0,1388554.0,3357650.0,2005631.0,1352019.0,ACAR FS.xlsx [2019 to 2023]
254817,Salghari,Namchi,Poklok Nandugaon,Gram Panchayat Unit,2019-20,336194.0,7072131.0,7408325.0,7389343.0,18982.0,ACAR FS.xlsx [2019 to 2023]
254817,Salghari,Namchi,Poklok Nandugaon,Gram Panchayat Unit,2020-21,3343908.0,1968917.0,5312825.0,3331297.0,1981528.0,ACAR FS.xlsx [2019 to 2023]
254819,Samdong Kambel,Gangtok,Rakdong Tintek,Gram Panchayat Unit,2015-16,81593.0,2555679.0,2637272.0,2214109.0,423163.0,ACAR FS.xlsx [2019 to 2023]
254819,Samdong Kambel,Gangtok,Rakdong Tintek,Gram Panchayat Unit,2016-17,423163.0,3641248.0,4064411.0,2634360.0,1430051.0,ACAR FS.xlsx [2019 to 2023]
254819,Samdong Kambel,Gangtok,Rakdong Tintek,Gram Panchayat Unit,2024-25,413593.0,547010.0,960603.0,879010.0,81593.0,ACAR FS.xlsx [2019 to 2023]
254820,Samlik Marchak,Gangtok,Martam,Gram Panchayat Unit,2017-18,5608535.0,34013260.0,39621795.0,33495228.0,6126567.0,ACAR FS.xlsx [2019 to 2023]
254820,Samlik Marchak,Gangtok,Martam,Gram Panchayat Unit,2018-19,9927657.0,53756928.0,63684585.0,54372611.0,9311974.0,ACAR FS.xlsx [2019 to 2023]
276341,Samsing Pipalay,Soreng,Baiguney,Gram Panchayat Unit,2019-20,281668.0,1117500.0,1399168.0,1385476.0,13692.0,ACAR FS.xlsx [2019 to 2023]
276341,Samsing Pipalay,Soreng,Baiguney,Gram Panchayat Unit,2020-21,8490676.0,3154579.0,11645255.0,8140616.0,3504639.0,ACAR FS.xlsx [2019 to 2023]
254822,Sangadorji,Soreng,Kaluk,Gram Panchayat Unit,2015-16,630120.0,2345184.0,2975304.0,2378929.0,596375.0,ACAR FS.xlsx [2019 to 2023]
254822,Sangadorji,Soreng,Kaluk,Gram Panchayat Unit,2016-17,596375.0,2209654.0,2806029.0,872970.0,1933059.0,ACAR FS.xlsx [2019 to 2023]
254822,Sangadorji,Soreng,Kaluk,Gram Panchayat Unit,2019-20,3619767.0,11621197.0,15240964.0,15238041.0,2923.0,ACAR FS.xlsx [2019 to 2023]
254822,Sangadorji,Soreng,Kaluk,Gram Panchayat Unit,2020-21,187105.0,111.0,187216.0,184182.0,3034.0,ACAR FS.xlsx [2019 to 2023]
254822,Sangadorji,Soreng,Kaluk,Gram Panchayat Unit,2024-25,1204299.0,1357450.0,2561749.0,1931629.0,630120.0,ACAR FS.xlsx [2019 to 2023]
254823,Sanganath,Namchi,Sikip,Gram Panchayat Unit,2019-20,1478543.0,4195879.0,5674422.0,4091832.0,1582590.0,ACAR FS.xlsx [2019 to 2023]
254823,Sanganath,Namchi,Sikip,Gram Panchayat Unit,2020-21,1582590.0,2575672.0,4158262.0,1740764.0,2417498.0,ACAR FS.xlsx [2019 to 2023]
254824,Sangkhu Radukhandu,Gyalshing,Dentam,Gram Panchayat Unit,2015-16,6121042.0,27885927.0,34006969.0,30389702.0,3617267.0,ACAR FS.xlsx [2019 to 2023]
254824,Sangkhu Radukhandu,Gyalshing,Dentam,Gram Panchayat Unit,2016-17,3615550.0,31567675.0,35183225.0,28801237.0,6381988.0,ACAR FS.xlsx [2019 to 2023]
254824,Sangkhu Radukhandu,Gyalshing,Dentam,Gram Panchayat Unit,2024-25,4456615.0,24286366.0,28742981.0,22622939.0,6120042.0,ACAR FS.xlsx [2019 to 2023]
254825,Sardung Lungzik,Gyalshing,Dentam,Gram Panchayat Unit,2015-16,1324246.0,27215748.0,28539994.0,25070295.0,3469699.0,ACAR FS.xlsx [2019 to 2023]
254825,Sardung Lungzik,Gyalshing,Dentam,Gram Panchayat Unit,2016-17,3744630.0,17626635.0,21371265.0,17018714.0,4352551.0,ACAR FS.xlsx [2019 to 2023]
254825,Sardung Lungzik,Gyalshing,Dentam,Gram Panchayat Unit,2020-21,3640584.0,2229722.0,5870306.0,5106689.0,763617.0,ACAR FS.xlsx [2019 to 2023]
254825,Sardung Lungzik,Gyalshing,Dentam,Gram Panchayat Unit,2024-25,370207.0,24097717.0,24467924.0,23104772.0,1363152.0,ACAR FS.xlsx [2019 to 2023]
254827,Shipgyer,Mangan,Chungthang,Gram Panchayat Unit,2019-20,1136398.0,2622644.0,3759042.0,2549030.0,1210012.0,ACAR FS.xlsx [2019 to 2023]
254827,Shipgyer,Mangan,Chungthang,Gram Panchayat Unit,2020-21,1210012.0,2229681.0,3439693.0,2761330.0,678363.0,ACAR FS.xlsx [2019 to 2023]
254828,Siktam Tikpur,Soreng,Daramdin,Gram Panchayat Unit,2019-20,4509269.0,15902024.0,20411293.0,15591583.0,4819710.0,ACAR FS.xlsx [2019 to 2023]
254828,Siktam Tikpur,Soreng,Daramdin,Gram Panchayat Unit,2020-21,4817960.0,4477628.0,9295588.0,4400961.0,4894627.0,ACAR FS.xlsx [2019 to 2023]
254829,Simik Lingzey,Gangtok,Khamdong,Gram Panchayat Unit,2015-16,897159.0,1678750.0,2575909.0,898964.0,1676945.0,ACAR FS.xlsx [2019 to 2023]
254829,Simik Lingzey,Gangtok,Khamdong,Gram Panchayat Unit,2016-17,1679212.0,2294122.0,3973334.0,2306535.0,1666799.0,ACAR FS.xlsx [2019 to 2023]
254829,Simik Lingzey,Gangtok,Khamdong,Gram Panchayat Unit,2020-21,4682638.0,6852013.0,11534651.0,9416394.0,2118257.0,ACAR FS.xlsx [2019 to 2023]
254829,Simik Lingzey,Gangtok,Khamdong,Gram Panchayat Unit,2022-23,0.0,0.0,0.0,0.0,0.0,ACAR FS.xlsx [2024 to]
254829,Simik Lingzey,Gangtok,Khamdong,Gram Panchayat Unit,2024-25,840315.0,1821796.0,2662111.0,1762773.0,899338.0,ACAR FS.xlsx [2019 to 2023]
254826,Singhik,Mangan,Mangan,Gram Panchayat Unit,2015-16,1400123.0,9552989.0,10953112.0,9112367.0,1840745.0,ACAR FS.xlsx [2019 to 2023]
254826,Singhik,Mangan,Mangan,Gram Panchayat Unit,2016-17,1840740.0,10790232.0,12630972.0,8168719.0,4462253.0,ACAR FS.xlsx [2019 to 2023]
254831,Singling,Soreng,Soreng,Gram Panchayat Unit,2015-16,1629398.0,50508068.0,52137466.0,37656018.0,14481448.0,ACAR FS.xlsx [2019 to 2023]
254831,Singling,Soreng,Soreng,Gram Panchayat Unit,2017-18,15494062.0,10300000.0,25794062.0,15763322.0,10030740.0,ACAR FS.xlsx [2019 to 2023]
254831,Singling,Soreng,Soreng,Gram Panchayat Unit,2018-19,10030740.0,14600000.0,24630740.0,17463828.0,7166912.0,ACAR FS.xlsx [2019 to 2023]
254832,Singyang Chumbung,Gyalshing,Gyalshing,Gram Panchayat Unit,2015-16,4754485.0,19669123.0,24423608.0,20017416.0,4406192.0,ACAR FS.xlsx [2019 to 2023]
254832,Singyang Chumbung,Gyalshing,Gyalshing,Gram Panchayat Unit,2016-17,4406192.0,19734999.0,24141191.0,21566400.0,2574791.0,ACAR FS.xlsx [2019 to 2023]
254832,Singyang Chumbung,Gyalshing,Gyalshing,Gram Panchayat Unit,2019-20,11004195.0,26008274.0,37012469.0,32006316.0,5006153.0,ACAR FS.xlsx [2019 to 2023]
254832,Singyang Chumbung,Gyalshing,Gyalshing,Gram Panchayat Unit,2020-21,5006153.0,6870267.0,11876420.0,7740591.0,4135829.0,ACAR FS.xlsx [2019 to 2023]
254832,Singyang Chumbung,Gyalshing,Gyalshing,Gram Panchayat Unit,2024-25,3573666.0,20107834.0,23681500.0,18927015.0,4754485.0,ACAR FS.xlsx [2019 to 2023]
254834,Soreng,Soreng,Soreng,Gram Panchayat Unit,2015-16,7192333.0,74699789.0,81892122.0,71600296.0,10291826.0,ACAR FS.xlsx [2019 to 2023]
254834,Soreng,Soreng,Soreng,Gram Panchayat Unit,2016-17,6445118.0,75574262.0,82019380.0,82015881.0,3499.0,ACAR FS.xlsx [2019 to 2023]
254834,Soreng,Soreng,Soreng,Gram Panchayat Unit,2017-18,3984340.0,2898886.0,6883226.0,4098706.0,2784520.0,ACAR FS.xlsx [2019 to 2023]
254834,Soreng,Soreng,Soreng,Gram Panchayat Unit,2019-20,1716796.0,4536768.0,6253564.0,5667585.0,585979.0,ACAR FS.xlsx [2019 to 2023]
254834,Soreng,Soreng,Soreng,Gram Panchayat Unit,2020-21,585979.0,4592846.0,5178825.0,3917259.0,1261566.0,ACAR FS.xlsx [2019 to 2023]
254834,Soreng,Soreng,Soreng,Gram Panchayat Unit,2024-25,0.0,0.0,0.0,0.0,0.0,annual plan.xlsx [2026]
254835,Sorok Shyampani,Namchi,Namchi,Gram Panchayat Unit,2019-20,226075.0,21820662.0,22046737.0,21307049.0,739688.0,ACAR FS.xlsx [2019 to 2023]
254835,Sorok Shyampani,Namchi,Namchi,Gram Panchayat Unit,2020-21,5491221.0,4309587.0,9800807.0,3662835.0,6137972.0,ACAR FS.xlsx [2019 to 2023]
254836,Sripatam Gagyong,Namchi,Yangang,Gram Panchayat Unit,2019-20,4867309.0,14383695.0,19251004.0,10614801.0,8636203.0,ACAR FS.xlsx [2019 to 2023]
254837,Sudunglakha,Pakyong,Rhenock,Gram Panchayat Unit,2015-16,1734318.0,2617938.0,4352256.0,2226476.0,2125780.0,ACAR FS.xlsx [2019 to 2023]
254837,Sudunglakha,Pakyong,Rhenock,Gram Panchayat Unit,2016-17,2125780.0,4905082.0,7030862.0,3582450.0,3448412.0,ACAR FS.xlsx [2019 to 2023]
254837,Sudunglakha,Pakyong,Rhenock,Gram Panchayat Unit,2017-18,3448412.0,3913006.0,7361418.0,4601156.0,2760262.0,ACAR FS.xlsx [2019 to 2023]
254837,Sudunglakha,Pakyong,Rhenock,Gram Panchayat Unit,2018-19,5520524.0,17144216.0,22664740.0,8975504.0,13689236.0,ACAR FS.xlsx [2019 to 2023]
254837,Sudunglakha,Pakyong,Rhenock,Gram Panchayat Unit,2020-21,5126219.0,3289713.0,8415932.0,4357237.0,4058695.0,ACAR FS.xlsx [2019 to 2023]
254815,Sukrabarey Suntaley,Namchi,Sumbuk,Gram Panchayat Unit,2019-20,8418943.0,24490793.0,32909736.0,21457313.0,11452423.0,ACAR FS.xlsx [2019 to 2023]
254815,Sukrabarey Suntaley,Namchi,Sumbuk,Gram Panchayat Unit,2020-21,10808448.0,3199524.0,14007972.0,3818606.0,10189366.0,ACAR FS.xlsx [2019 to 2023]
254838,Suldung Kamling,Soreng,Mangalbaria,Gram Panchayat Unit,2019-20,3566987.0,17425436.0,20992423.0,14455362.0,6537061.0,ACAR FS.xlsx [2019 to 2023]
254838,Suldung Kamling,Soreng,Mangalbaria,Gram Panchayat Unit,2020-21,6537061.0,4754585.0,11291646.0,5777438.0,5514208.0,ACAR FS.xlsx [2019 to 2023]
254839,Sumbuk Kartikey,Namchi,Sumbuk,Gram Panchayat Unit,2019-20,3862853.0,6470756.0,10333609.0,3410589.0,6923020.0,ACAR FS.xlsx [2019 to 2023]
254839,Sumbuk Kartikey,Namchi,Sumbuk,Gram Panchayat Unit,2020-21,6017020.0,4419236.0,10436256.0,5521044.0,4915212.0,ACAR FS.xlsx [2019 to 2023]
254840,Sumin Lingzey,Pakyong,Namcheybong,Gram Panchayat Unit,2015-16,5880.0,2009273.0,2015153.0,1888923.0,126230.0,ACAR FS.xlsx [2019 to 2023]
254840,Sumin Lingzey,Pakyong,Namcheybong,Gram Panchayat Unit,2016-17,126230.0,2048257.0,2174487.0,1395027.0,779460.0,ACAR FS.xlsx [2019 to 2023]
254840,Sumin Lingzey,Pakyong,Namcheybong,Gram Panchayat Unit,2019-20,9842153.0,12934872.0,22777025.0,16863297.0,5913728.0,ACAR FS.xlsx [2019 to 2023]
254840,Sumin Lingzey,Pakyong,Namcheybong,Gram Panchayat Unit,2020-21,5913728.0,2741274.0,8655002.0,5139468.0,3515534.0,ACAR FS.xlsx [2019 to 2023]
254840,Sumin Lingzey,Pakyong,Namcheybong,Gram Panchayat Unit,2024-25,191338.0,109566.0,300904.0,295024.0,5880.0,ACAR FS.xlsx [2019 to 2023]
254841,Tadong Rinchenpong,Soreng,Kaluk,Gram Panchayat Unit,2015-16,1595117.0,22176425.0,23771542.0,21085083.0,2686459.0,ACAR FS.xlsx [2019 to 2023]
254841,Tadong Rinchenpong,Soreng,Kaluk,Gram Panchayat Unit,2016-17,2686459.0,19313926.0,22000385.0,18559316.0,3441069.0,ACAR FS.xlsx [2019 to 2023]
254841,Tadong Rinchenpong,Soreng,Kaluk,Gram Panchayat Unit,2024-25,2911903.0,14426228.0,17338131.0,15745014.0,1593117.0,ACAR FS.xlsx [2019 to 2023]
254843,Tangzi Bikmat,Namchi,Namthang,Gram Panchayat Unit,2019-20,2845705.0,4606734.0,7452439.0,2775014.0,4677425.0,ACAR FS.xlsx [2019 to 2023]
254844,Tarku,Namchi,Temi,Gram Panchayat Unit,2019-20,7250002.7,16465569.0,23715571.7,17229521.0,6486050.7,ACAR FS.xlsx [2019 to 2023]
254844,Tarku,Namchi,Temi,Gram Panchayat Unit,2020-21,6486050.7,4765659.0,11251709.7,5540393.9,5711315.8,ACAR FS.xlsx [2019 to 2023]
254723,Tarpin,Pakyong,Rhenock,Gram Panchayat Unit,2015-16,1027092.0,5831710.0,6858802.0,3324296.0,3534506.0,ACAR FS.xlsx [2019 to 2023]
254723,Tarpin,Pakyong,Rhenock,Gram Panchayat Unit,2016-17,3534506.0,7753984.0,11288490.0,1798538.0,9489952.0,ACAR FS.xlsx [2019 to 2023]
254723,Tarpin,Pakyong,Rhenock,Gram Panchayat Unit,2017-18,9489952.0,5735654.0,15225606.0,1443324.0,13782282.0,ACAR FS.xlsx [2019 to 2023]
254723,Tarpin,Pakyong,Rhenock,Gram Panchayat Unit,2018-19,6890059.0,10192266.0,17082325.0,4214587.0,12867738.0,ACAR FS.xlsx [2019 to 2023]
254723,Tarpin,Pakyong,Rhenock,Gram Panchayat Unit,2020-21,16267832.0,3542520.0,19810352.0,6106350.0,13704002.0,ACAR FS.xlsx [2019 to 2023]
254723,Tarpin,Pakyong,Rhenock,Gram Panchayat Unit,2024-25,427028.0,1255271.0,1682299.0,1168753.0,513546.0,ACAR FS.xlsx [2019 to 2023]
254845,Tashiding,Gyalshing,Arithang Chongrong,Gram Panchayat Unit,2019-20,360485.0,13241801.0,13602286.0,13550352.0,51934.0,ACAR FS.xlsx [2019 to 2023]
254845,Tashiding,Gyalshing,Arithang Chongrong,Gram Panchayat Unit,2020-21,9207934.0,6291431.0,15499365.0,7315434.0,8183931.0,ACAR FS.xlsx [2019 to 2023]
254847,Taza,Pakyong,Pakyong,Gram Panchayat Unit,2015-16,1000433.23,36464142.0,37464575.23,31937259.0,5527316.23,ACAR FS.xlsx [2019 to 2023]
254847,Taza,Pakyong,Pakyong,Gram Panchayat Unit,2018-19,12586750.53,54952891.0,67539641.59,50959936.0,16579705.59,ACAR FS.xlsx [2019 to 2023]
254847,Taza,Pakyong,Pakyong,Gram Panchayat Unit,2019-20,6090495.0,53296542.0,59387037.0,51858560.0,7528477.0,ACAR FS.xlsx [2019 to 2023]
254847,Taza,Pakyong,Pakyong,Gram Panchayat Unit,2020-21,7528477.0,5167034.0,12695511.0,4772448.0,7923063.0,ACAR FS.xlsx [2019 to 2023]
254848,Temi,Namchi,Temi,Gram Panchayat Unit,2019-20,6177926.0,17428439.0,23606365.0,14962966.0,8643399.0,ACAR FS.xlsx [2019 to 2023]
254848,Temi,Namchi,Temi,Gram Panchayat Unit,2020-21,8643399.0,4260073.0,12903472.0,6862054.0,6041418.0,ACAR FS.xlsx [2019 to 2023]
254849,Tharpu,Soreng,Soreng,Gram Panchayat Unit,2015-16,433542.0,2592182.0,3025724.0,2659864.0,365860.0,ACAR FS.xlsx [2019 to 2023]
254849,Tharpu,Soreng,Soreng,Gram Panchayat Unit,2017-18,1030906.0,3990892.0,5021798.0,4451854.0,569944.0,ACAR FS.xlsx [2019 to 2023]
254849,Tharpu,Soreng,Soreng,Gram Panchayat Unit,2019-20,1327772.0,2308398.0,3636170.0,2163619.0,1472551.0,ACAR FS.xlsx [2019 to 2023]
254849,Tharpu,Soreng,Soreng,Gram Panchayat Unit,2020-21,1472551.0,1364276.0,2836827.0,2057931.0,778896.0,ACAR FS.xlsx [2019 to 2023]
300082,Thingling,Gyalshing,Yoksum,Gram Panchayat Unit,2019-20,3775121.0,5415167.0,9190288.0,4188688.0,5001600.0,ACAR FS.xlsx [2019 to 2023]
300082,Thingling,Gyalshing,Yoksum,Gram Panchayat Unit,2020-21,5278392.0,4457124.0,9735516.0,4383921.0,5351595.0,ACAR FS.xlsx [2019 to 2023]
257850,Tingchim Chadey,Mangan,Mangan,Gram Panchayat Unit,2015-16,1131350.0,7009638.0,8140988.0,7143202.0,997786.0,ACAR FS.xlsx [2019 to 2023]
257850,Tingchim Chadey,Mangan,Mangan,Gram Panchayat Unit,2016-17,1402173.0,10725621.0,12127794.0,9917111.0,2210683.0,ACAR FS.xlsx [2019 to 2023]
257850,Tingchim Chadey,Mangan,Mangan,Gram Panchayat Unit,2020-21,1829487.0,3448107.0,5277594.0,3674717.0,1602877.0,ACAR FS.xlsx [2019 to 2023]
254854,Tingrithang,Namchi,Namchi,Gram Panchayat Unit,2019-20,384092.0,7562490.0,7946582.0,7901409.0,45173.0,ACAR FS.xlsx [2019 to 2023]
254854,Tingrithang,Namchi,Namchi,Gram Panchayat Unit,2020-21,3334866.0,2915070.0,6249936.0,3158006.0,3091930.0,ACAR FS.xlsx [2019 to 2023]
254857,Tinkitam Rayong,Namchi,Ravong,Gram Panchayat Unit,2019-20,2653099.0,8153020.0,10806119.0,7649226.0,3156893.0,ACAR FS.xlsx [2019 to 2023]
254857,Tinkitam Rayong,Namchi,Ravong,Gram Panchayat Unit,2020-21,3156893.0,3287342.0,6444235.0,3682933.0,2761302.0,ACAR FS.xlsx [2019 to 2023]
254858,Toong Naga,Mangan,Mangan,Gram Panchayat Unit,2015-16,1773750.0,12515348.0,14289098.0,11555787.0,2733311.0,ACAR FS.xlsx [2019 to 2023]
254858,Toong Naga,Mangan,Mangan,Gram Panchayat Unit,2016-17,2733311.0,14313632.0,17046943.0,12546273.0,4500670.0,ACAR FS.xlsx [2019 to 2023]
254858,Toong Naga,Mangan,Mangan,Gram Panchayat Unit,2020-21,3570646.0,4712534.0,8283180.0,5171278.0,3111902.0,ACAR FS.xlsx [2019 to 2023]
254860,Tumin,Gangtok,Rakdong Tintek,Gram Panchayat Unit,2015-16,650578.0,1500067.0,2150645.0,888159.0,1262486.0,ACAR FS.xlsx [2019 to 2023]
254860,Tumin,Gangtok,Rakdong Tintek,Gram Panchayat Unit,2016-17,1262486.0,1229176.0,2491662.0,2305124.0,186538.0,ACAR FS.xlsx [2019 to 2023]
254860,Tumin,Gangtok,Rakdong Tintek,Gram Panchayat Unit,2020-21,5669131.0,3817460.0,9486591.0,5164112.0,4322479.0,ACAR FS.xlsx [2019 to 2023]
254860,Tumin,Gangtok,Rakdong Tintek,Gram Panchayat Unit,2024-25,617957.0,830490.0,1448447.0,797869.0,650578.0,ACAR FS.xlsx [2019 to 2023]
254861,Turuk Ramabung,Namchi,Sumbuk,Gram Panchayat Unit,2019-20,4961267.0,16826360.0,21787627.0,14695028.0,7092599.0,ACAR FS.xlsx [2019 to 2023]
254861,Turuk Ramabung,Namchi,Sumbuk,Gram Panchayat Unit,2020-21,165224.0,6288.0,171512.0,0.0,171512.0,ACAR FS.xlsx [2019 to 2023]
254862,Turung Mamring,Namchi,Namthang,Gram Panchayat Unit,2019-20,6652169.0,17191125.0,23843294.0,15704248.0,8139046.0,ACAR FS.xlsx [2019 to 2023]
254862,Turung Mamring,Namchi,Namthang,Gram Panchayat Unit,2020-21,10435594.0,15120671.0,25556265.0,19616290.0,5939975.0,ACAR FS.xlsx [2019 to 2023]
254863,Upper Thambong,Soreng,Daramdin,Gram Panchayat Unit,2019-20,6222532.0,7046531.0,13269063.0,4945864.0,8323199.0,ACAR FS.xlsx [2019 to 2023]
254863,Upper Thambong,Soreng,Daramdin,Gram Panchayat Unit,2020-21,8323199.0,4687084.0,13010283.0,6058793.0,6951490.0,ACAR FS.xlsx [2019 to 2023]
254865,West Pendam,Pakyong,Duga,Gram Panchayat Unit,2019-20,13807677.0,22713841.0,36521518.0,29178670.0,7342848.0,ACAR FS.xlsx [2019 to 2023]
254865,West Pendam,Pakyong,Duga,Gram Panchayat Unit,2020-21,7342848.0,6380319.0,13723167.0,10255818.0,3467349.0,ACAR FS.xlsx [2019 to 2023]
254864,Wok Omchu,Namchi,Sikip,Gram Panchayat Unit,2017-18,333152.0,3389314.0,3722466.0,1353410.0,2369056.0,ACAR FS.xlsx [2019 to 2023]
254864,Wok Omchu,Namchi,Sikip,Gram Panchayat Unit,2018-19,3553584.0,11269596.0,14823180.0,6263019.0,8560161.0,ACAR FS.xlsx [2019 to 2023]
254864,Wok Omchu,Namchi,Sikip,Gram Panchayat Unit,2020-21,3988280.0,3826391.0,7814671.0,4288903.0,3525768.0,ACAR FS.xlsx [2019 to 2023]
254866,Yangang Rangang,Namchi,Yangang,Gram Panchayat Unit,2019-20,1626174.0,15051605.0,16677779.0,16493020.0,184759.0,ACAR FS.xlsx [2019 to 2023]
254866,Yangang Rangang,Namchi,Yangang,Gram Panchayat Unit,2020-21,10646932.0,4290254.0,14937186.0,7627375.0,7309811.0,ACAR FS.xlsx [2019 to 2023]
254867,Yangten,Gyalshing,Gyalshing,Gram Panchayat Unit,2015-16,2644754.0,22963502.0,25608256.0,22364721.0,3243535.0,ACAR FS.xlsx [2019 to 2023]
254867,Yangten,Gyalshing,Gyalshing,Gram Panchayat Unit,2019-20,4676790.0,9491174.0,14167964.0,14044713.0,123251.0,ACAR FS.xlsx [2019 to 2023]
254867,Yangten,Gyalshing,Gyalshing,Gram Panchayat Unit,2020-21,6319587.0,6672204.0,12991791.0,5186458.0,7805333.0,ACAR FS.xlsx [2019 to 2023]
254867,Yangten,Gyalshing,Gyalshing,Gram Panchayat Unit,2024-25,739554.0,929264.0,1668818.0,997184.0,671634.0,ACAR FS.xlsx [2019 to 2023]
254868,Yangthang,Gyalshing,Gyalshing,Gram Panchayat Unit,2015-16,530195.0,1583381.0,2113576.0,1636659.0,476917.0,ACAR FS.xlsx [2019 to 2023]
254868,Yangthang,Gyalshing,Gyalshing,Gram Panchayat Unit,2016-17,476917.0,964550.0,1441467.0,1308730.0,132737.0,ACAR FS.xlsx [2019 to 2023]
254868,Yangthang,Gyalshing,Gyalshing,Gram Panchayat Unit,2019-20,285500.0,17710450.0,17995950.0,17791711.0,204239.0,ACAR FS.xlsx [2019 to 2023]
254868,Yangthang,Gyalshing,Gyalshing,Gram Panchayat Unit,2020-21,204239.0,696305.0,900544.0,887566.0,12978.0,ACAR FS.xlsx [2019 to 2023]
254868,Yangthang,Gyalshing,Gyalshing,Gram Panchayat Unit,2024-25,420257.0,1048485.0,1468742.0,938547.0,530195.0,ACAR FS.xlsx [2019 to 2023]
254869,Yuksom,Gyalshing,Yoksum,Gram Panchayat Unit,2019-20,255386.0,8794056.0,9049442.0,8574857.0,474585.0,ACAR FS.xlsx [2019 to 2023]
254869,Yuksom,Gyalshing,Yoksum,Gram Panchayat Unit,2020-21,5224398.0,4700949.0,9925347.0,4961203.0,4964144.0,ACAR FS.xlsx [2019 to 2023]
254870,Zoom,Soreng,Baiguney,Gram Panchayat Unit,2015-16,1431793.0,29311553.0,30743346.0,21059433.0,9683913.0,ACAR FS.xlsx [2019 to 2023]
254870,Zoom,Soreng,Baiguney,Gram Panchayat Unit,2016-17,9683913.0,25718305.0,35402218.0,22204027.0,13198191.0,ACAR FS.xlsx [2019 to 2023]
254870,Zoom,Soreng,Baiguney,Gram Panchayat Unit,2019-20,3114997.0,20815715.0,23930712.0,19096195.0,4834517.0,ACAR FS.xlsx [2019 to 2023]
254870,Zoom,Soreng,Baiguney,Gram Panchayat Unit,2024-25,1371447.0,17861028.0,19232475.0,17800682.0,1431793.0,ACAR FS.xlsx [2019 to 2023]
249694,Gangtok Municipal Corporation,Gangtok,N/A,Urban Local Body,2017-18,59025717.0,2015.0,59027732.0,0.0,59027732.0,ACAR FS.xlsx [2019 to 2023]
249694,Gangtok Municipal Corporation,Gangtok,N/A,Urban Local Body,2024-25,0.0,0.0,0.0,0.0,0.0,annual plan.xlsx [2026]
249690,Gyalshing Nagar Panchayat,Gyalshing,N/A,Urban Local Body,2019-20,1823988.0,12375323.0,14199311.0,12785301.0,1414010.0,ACAR FS.xlsx [2019 to 2023]
249690,Gyalshing Nagar Panchayat,Gyalshing,N/A,Urban Local Body,2020-21,1414010.0,18457816.0,19871826.0,14351336.0,5520490.0,ACAR FS.xlsx [2019 to 2023]
249690,Gyalshing Nagar Panchayat,Gyalshing,N/A,Urban Local Body,2024-25,0.0,0.0,0.0,0.0,0.0,annual plan.xlsx [2025]
249693,Jorethang Nayabazar Nagar Panchayat,Namchi,N/A,Urban Local Body,2017-18,6954065.0,23699512.0,30653577.0,24125586.0,6527991.0,ACAR FS.xlsx [2019 to 2023]
249693,Jorethang Nayabazar Nagar Panchayat,Namchi,N/A,Urban Local Body,2018-19,6527991.0,28940359.0,35468350.0,27677210.0,7791140.0,ACAR FS.xlsx [2019 to 2023]
249693,Jorethang Nayabazar Nagar Panchayat,Namchi,N/A,Urban Local Body,2021-22,7547928.0,19843058.0,27390986.0,20570473.0,6820513.0,ACAR FS.xlsx [2019 to 2023]
249693,Jorethang Nayabazar Nagar Panchayat,Namchi,N/A,Urban Local Body,2024-25,13482056.0,52639871.0,66121927.0,51802796.0,14319131.0,ACAR FS.xlsx [2019 to 2023]
249689,Mangan Nagar Panchayat,Mangan,N/A,Urban Local Body,2015-16,2847237.0,6596462.0,9443699.0,7112006.0,2331693.0,ACAR FS.xlsx [2019 to 2023]
249689,Mangan Nagar Panchayat,Mangan,N/A,Urban Local Body,2016-17,4269139.0,15421413.0,19690552.0,11261481.0,8429071.0,ACAR FS.xlsx [2019 to 2023]
249689,Mangan Nagar Panchayat,Mangan,N/A,Urban Local Body,2017-18,16858142.0,4030.0,16862172.0,0.0,16862172.0,ACAR FS.xlsx [2019 to 2023]
249689,Mangan Nagar Panchayat,Mangan,N/A,Urban Local Body,2020-21,16881005.0,19595357.0,36476362.0,24501635.0,11974727.0,ACAR FS.xlsx [2019 to 2023]
249689,Mangan Nagar Panchayat,Mangan,N/A,Urban Local Body,2024-25,2438473.0,3837367.0,6275840.0,6039212.0,236628.0,ACAR FS.xlsx [2019 to 2023]
249692,Namchi Municipal Council,Namchi,N/A,Urban Local Body,2015-19,1528502.0,17890796.0,19419298.0,16083739.0,3335559.0,ACAR FS.xlsx [2019 to 2023]
249692,Namchi Municipal Council,Namchi,N/A,Urban Local Body,2016-20,5371255.0,22567422.0,27938677.0,18645043.0,9293634.0,ACAR FS.xlsx [2019 to 2023]
249692,Namchi Municipal Council,Namchi,N/A,Urban Local Body,2017-18,18587268.0,4030.0,18591298.0,0.0,18591298.0,ACAR FS.xlsx [2019 to 2023]
249692,Namchi Municipal Council,Namchi,N/A,Urban Local Body,2019-20,2942158.0,20940550.0,23882708.0,17859385.0,6023323.0,ACAR FS.xlsx [2019 to 2023]
249692,Namchi Municipal Council,Namchi,N/A,Urban Local Body,2024-25,1042243.0,14300606.0,15342849.0,13814347.0,1528502.0,ACAR FS.xlsx [2019 to 2023]
290460,Rangpo Nagar Panchayat,Pakyong,N/A,Urban Local Body,2015-16,8543884.0,23186427.0,31730311.0,22809036.0,8921275.0,ACAR FS.xlsx [2019 to 2023]
290460,Rangpo Nagar Panchayat,Pakyong,N/A,Urban Local Body,2016-17,8921275.0,21980346.0,30901621.0,23561814.0,7339807.0,ACAR FS.xlsx [2019 to 2023]
290460,Rangpo Nagar Panchayat,Pakyong,N/A,Urban Local Body,2017-18,14679614.0,4030.0,14683644.0,0.0,14683644.0,ACAR FS.xlsx [2019 to 2023]
290460,Rangpo Nagar Panchayat,Pakyong,N/A,Urban Local Body,2020-21,8232261.0,46747458.0,54979719.0,38020591.0,16959128.0,ACAR FS.xlsx [2019 to 2023]
290460,Rangpo Nagar Panchayat,Pakyong,N/A,Urban Local Body,2021-22,16958952.0,27366436.0,44325388.0,37244899.0,7080489.0,ACAR FS.xlsx [2019 to 2023]
290460,Rangpo Nagar Panchayat,Pakyong,N/A,Urban Local Body,2024-25,15792730.0,12499941.0,28292671.0,19748787.0,8543884.0,ACAR FS.xlsx [2019 to 2023]
249695,Singtam Nagar Panchayat,Gangtok,N/A,Urban Local Body,2015-16,6478190.0,15390090.0,21868280.0,11436486.0,10431794.0,ACAR FS.xlsx [2019 to 2023]
249695,Singtam Nagar Panchayat,Gangtok,N/A,Urban Local Body,2016-17,11824136.0,50300389.0,62124525.0,35595815.0,26528710.0,ACAR FS.xlsx [2019 to 2023]
249695,Singtam Nagar Panchayat,Gangtok,N/A,Urban Local Body,2017-18,53057420.0,4030.0,53061450.0,0.0,53061450.0,ACAR FS.xlsx [2019 to 2023]
249695,Singtam Nagar Panchayat,Gangtok,N/A,Urban Local Body,2020-21,1973070.0,19507122.0,21480192.0,16687628.0,4792564.0,ACAR FS.xlsx [2019 to 2023]
249695,Singtam Nagar Panchayat,Gangtok,N/A,Urban Local Body,2021-22,7885476.0,53773753.0,61659229.0,42170649.0,19488580.0,ACAR FS.xlsx [2019 to 2023]
249695,Singtam Nagar Panchayat,Gangtok,N/A,Urban Local Body,2024-25,4633467.0,16990132.0,21623599.0,15145409.0,6478190.0,ACAR FS.xlsx [2019 to 2023]
216,Gangtok Zilla Panchayat,Gangtok,N/A,Zilla Panchayat,2015-16,37239878.0,289057198.0,326297076.0,274594876.0,51702200.0,ACAR FS.xlsx [2019 to 2023]
216,Gangtok Zilla Panchayat,Gangtok,N/A,Zilla Panchayat,2016-17,51702200.0,235675048.0,287377248.0,267839228.0,19538020.0,ACAR FS.xlsx [2019 to 2023]
216,Gangtok Zilla Panchayat,Gangtok,N/A,Zilla Panchayat,2017-18,19538020.0,363843458.0,383381478.0,305092642.0,78288836.0,ACAR FS.xlsx [2019 to 2023]
216,Gangtok Zilla Panchayat,Gangtok,N/A,Zilla Panchayat,2018-19,78288836.0,293026022.0,371314858.0,179778790.0,191536068.0,ACAR FS.xlsx [2019 to 2023]
216,Gangtok Zilla Panchayat,Gangtok,N/A,Zilla Panchayat,2021-22,56624747.0,124016872.0,180641619.0,104846078.0,75795541.0,ACAR FS.xlsx [2019 to 2023]
216,Gangtok Zilla Panchayat,Gangtok,N/A,Zilla Panchayat,2024-25,148428506.0,861512802.0,1009941308.0,750916928.0,259024380.0,ACAR FS.xlsx [2019 to 2023]
219,Gyalshing Zilla Panchayat,Gyalshing,N/A,Zilla Panchayat,2015-16,27028217.0,24319854.0,51348071.0,27908038.0,23440033.0,ACAR FS.xlsx [2019 to 2023]
219,Gyalshing Zilla Panchayat,Gyalshing,N/A,Zilla Panchayat,2015-17,375543.25,12307296.8,12682840.05,8277436.0,4405404.15,ACAR FS.xlsx [2019 to 2023]
219,Gyalshing Zilla Panchayat,Gyalshing,N/A,Zilla Panchayat,2016-17,23440033.0,37203045.0,60643078.0,22032269.0,38610809.0,ACAR FS.xlsx [2019 to 2023]
219,Gyalshing Zilla Panchayat,Gyalshing,N/A,Zilla Panchayat,2016-18,4399574.15,8635183.6,13034757.75,9739457.0,3295300.75,ACAR FS.xlsx [2019 to 2023]
219,Gyalshing Zilla Panchayat,Gyalshing,N/A,Zilla Panchayat,2017-18,9841257.0,35207088.0,45048345.0,40127016.0,4921329.0,ACAR FS.xlsx [2019 to 2023]
219,Gyalshing Zilla Panchayat,Gyalshing,N/A,Zilla Panchayat,2018-19,4921329.0,41437866.0,46359195.0,40816158.0,5543037.0,ACAR FS.xlsx [2019 to 2023]
219,Gyalshing Zilla Panchayat,Gyalshing,N/A,Zilla Panchayat,2021-22,43628651.0,174204146.0,217832797.0,160144743.0,57688054.0,ACAR FS.xlsx [2019 to 2023]
219,Gyalshing Zilla Panchayat,Gyalshing,N/A,Zilla Panchayat,2024-25,23515579.0,42781920.0,66297499.0,39269282.0,27028217.0,ACAR FS.xlsx [2019 to 2023]
217,Mangan Zilla Panchayat,Mangan,N/A,Zilla Panchayat,2016-17,47440741.0,40393709.0,87834450.0,45119269.0,42715181.0,ACAR FS.xlsx [2019 to 2023]
217,Mangan Zilla Panchayat,Mangan,N/A,Zilla Panchayat,2017-18,42715181.0,2015.0,42717196.0,0.0,42717196.0,ACAR FS.xlsx [2019 to 2023]
217,Mangan Zilla Panchayat,Mangan,N/A,Zilla Panchayat,2021-22,21618126.0,116350717.0,137968843.0,119954294.0,18014549.0,ACAR FS.xlsx [2019 to 2023]
217,Mangan Zilla Panchayat,Mangan,N/A,Zilla Panchayat,2024-25,0.0,0.0,0.0,0.0,0.0,annual plan.xlsx [2025]
218,Namchi Zilla Panchayat,Namchi,N/A,Zilla Panchayat,2015-16,47565013.0,75953443.0,123518456.0,58956225.0,64562231.0,ACAR FS.xlsx [2019 to 2023]
218,Namchi Zilla Panchayat,Namchi,N/A,Zilla Panchayat,2016-17,64562231.0,40462483.0,105024714.0,47686557.0,57338157.0,ACAR FS.xlsx [2019 to 2023]
218,Namchi Zilla Panchayat,Namchi,N/A,Zilla Panchayat,2017-18,57338157.0,2015.0,57340172.0,0.0,57340172.0,ACAR FS.xlsx [2019 to 2023]
218,Namchi Zilla Panchayat,Namchi,N/A,Zilla Panchayat,2021-22,32649561.0,68598230.0,101247791.0,45256982.0,55990809.0,ACAR FS.xlsx [2019 to 2023]
218,Namchi Zilla Panchayat,Namchi,N/A,Zilla Panchayat,2024-25,82240015.0,58190592.0,140430607.0,92865594.0,47565013.0,ACAR FS.xlsx [2019 to 2023]
300083,Pakyong Zilla Panchayat,Pakyong,N/A,Zilla Panchayat,2015-16,219048.0,21721125.0,21940173.0,20936677.0,1003496.0,ACAR FS.xlsx [2019 to 2023]
300083,Pakyong Zilla Panchayat,Pakyong,N/A,Zilla Panchayat,2017-18,752289.0,23042041.0,23794330.0,20611851.0,3182479.0,ACAR FS.xlsx [2019 to 2023]
300083,Pakyong Zilla Panchayat,Pakyong,N/A,Zilla Panchayat,2018-19,3182479.0,25541620.0,28724099.0,18851491.0,9872608.0,ACAR FS.xlsx [2019 to 2023]
300083,Pakyong Zilla Panchayat,Pakyong,N/A,Zilla Panchayat,2024-25,0.0,0.0,0.0,0.0,0.0,annual plan.xlsx [2026]
300084,Soreng Zilla Panchayat,Soreng,N/A,Zilla Panchayat,2024-25,0.0,0.0,0.0,0.0,0.0,annual plan.xlsx [2025]
